playlist_id,track_id,added_at,added_by,position
5dzbOhYu8IbnYJkXh7w5Ml,02sy7FAs8dkDNYsHp4Ul3f,2025-10-17T03:47:36Z,31zzumwgpsmapcx7ndllbq6guraa,0
5dzbOhYu8IbnYJkXh7w5Ml,78W4mTLIh4qoLu92W4IQhO,2025-10-17T03:47:52Z,31zzumwgpsmapcx7ndllbq6guraa,1
5dzbOhYu8IbnYJkXh7w5Ml,2gIyLzwAB0kagC7WwQaGWy,2025-10-17T03:48:20Z,31zzumwgpsmapcx7ndllbq6guraa,2
5dzbOhYu8IbnYJkXh7w5Ml,5BC6kr6etk2Y9J62AyI4i3,2025-10-17T04:09:44Z,31zzumwgpsmapcx7ndllbq6guraa,3
5dzbOhYu8IbnYJkXh7w5Ml,6lvjkI4I29oOmoTzr1jLPW,2025-10-17T04:13:13Z,31zzumwgpsmapcx7ndllbq6guraa,4
5dzbOhYu8IbnYJkXh7w5Ml,1mWN1USPKg632qQXG9sfDL,2025-10-17T04:24:11Z,31zzumwgpsmapcx7ndllbq6guraa,5
5dzbOhYu8IbnYJkXh7w5Ml,3A4FRzgve9BjfKbvVXRIFO,2025-10-17T04:31:11Z,31zzumwgpsmapcx7ndllbq6guraa,6
5dzbOhYu8IbnYJkXh7w5Ml,08PQgCL2WTNuMKAnbKC9jV,2025-10-17T04:33:38Z,31zzumwgpsmapcx7ndllbq6guraa,7
5dzbOhYu8IbnYJkXh7w5Ml,075HUD50Nuea3rNaABIsNZ,2025-10-23T22:26:36Z,31zzumwgpsmapcx7ndllbq6guraa,8
7KbqAlGe4YEvL6lHxDvok7,11YovYUVkZdLyOFncbecWL,2024-01-09T03:22:07Z,31zzumwgpsmapcx7ndllbq6guraa,0
7KbqAlGe4YEvL6lHxDvok7,4Sav8RLaXMBpTZX6xNPj0K,2024-01-09T03:22:31Z,31zzumwgpsmapcx7ndllbq6guraa,1
7KbqAlGe4YEvL6lHxDvok7,4GUqcCrsISpXTbiAFz6FcO,2024-01-09T03:41:53Z,31zzumwgpsmapcx7ndllbq6guraa,2
7KbqAlGe4YEvL6lHxDvok7,3OyVUNvdWAidJCXCg1bXG5,2024-01-11T06:11:18Z,31zzumwgpsmapcx7ndllbq6guraa,3
7KbqAlGe4YEvL6lHxDvok7,06ZjtFrSVuESKVe9bnZrNp,2024-01-12T01:09:45Z,31zzumwgpsmapcx7ndllbq6guraa,4
7KbqAlGe4YEvL6lHxDvok7,6VmavOAnMepekIwArBoEEH,2024-01-12T01:09:56Z,31zzumwgpsmapcx7ndllbq6guraa,5
7KbqAlGe4YEvL6lHxDvok7,0BhCK7Z9fg4cqu0q0gNtjT,2024-02-15T18:55:48Z,31zzumwgpsmapcx7ndllbq6guraa,6
7KbqAlGe4YEvL6lHxDvok7,3DROD9hDozmCSTKlKc5vaz,2024-02-27T22:45:05Z,31zzumwgpsmapcx7ndllbq6guraa,7
7KbqAlGe4YEvL6lHxDvok7,5juCu4WFTFRZ2XilopAMTy,2024-03-01T06:04:56Z,31zzumwgpsmapcx7ndllbq6guraa,8
7KbqAlGe4YEvL6lHxDvok7,12n9WBfLII5EdQFzQiQFqv,2024-04-11T02:32:10Z,31zzumwgpsmapcx7ndllbq6guraa,9
7KbqAlGe4YEvL6lHxDvok7,0aZG8KWrpRnsGL0loUkfSj,2024-04-27T20:02:18Z,31zzumwgpsmapcx7ndllbq6guraa,10
7KbqAlGe4YEvL6lHxDvok7,33xRp6ZX1DKraRFHR9ZDck,2024-04-27T20:41:09Z,31zzumwgpsmapcx7ndllbq6guraa,11
7KbqAlGe4YEvL6lHxDvok7,1vO13Re80EOkpGlsYqOMBa,2024-05-08T14:04:25Z,31zzumwgpsmapcx7ndllbq6guraa,12
7KbqAlGe4YEvL6lHxDvok7,24lx6wmteh98ewSupJUQ7B,2024-05-24T07:34:20Z,31zzumwgpsmapcx7ndllbq6guraa,13
7KbqAlGe4YEvL6lHxDvok7,2LNe50dfsa7WaFa7LprfQg,2024-07-19T16:43:50Z,31zzumwgpsmapcx7ndllbq6guraa,14
7KbqAlGe4YEvL6lHxDvok7,0QHEIqNKsMoOY5urbzN48u,2024-08-08T16:26:12Z,31zzumwgpsmapcx7ndllbq6guraa,15
3J4aPKLbKC0NFJjnEOmEeI,2AYEOC02WLhUiOoaig2SEH,2024-01-02T05:23:31Z,q50mgpub6pstwwkx18evoalop,0
3J4aPKLbKC0NFJjnEOmEeI,6kcHg7XL6SKyPNd78daRBL,2024-01-02T05:32:04Z,q50mgpub6pstwwkx18evoalop,1
3J4aPKLbKC0NFJjnEOmEeI,6FWdQede5YD7KnxiDHknWH,2024-01-02T05:32:13Z,q50mgpub6pstwwkx18evoalop,2
3J4aPKLbKC0NFJjnEOmEeI,1HWkMkgqKMLqsAPRh0KNmE,2024-01-02T05:33:01Z,q50mgpub6pstwwkx18evoalop,3
3J4aPKLbKC0NFJjnEOmEeI,7rY2GPcsaqEOhQJu8yd9cu,2024-01-02T05:33:11Z,q50mgpub6pstwwkx18evoalop,4
3J4aPKLbKC0NFJjnEOmEeI,2UeDxN4k19JHmQPOShaYcn,2024-01-02T05:35:34Z,q50mgpub6pstwwkx18evoalop,5
3J4aPKLbKC0NFJjnEOmEeI,5mQNY6pTeSDl2doFB7uLbE,2024-01-02T05:35:39Z,q50mgpub6pstwwkx18evoalop,6
3J4aPKLbKC0NFJjnEOmEeI,64TjzuxG5PJ7payjphrOC0,2024-01-02T05:36:55Z,q50mgpub6pstwwkx18evoalop,7
3J4aPKLbKC0NFJjnEOmEeI,7iK7WTnnFnDfO7fpYb6vSb,2024-01-02T05:36:59Z,q50mgpub6pstwwkx18evoalop,8
3J4aPKLbKC0NFJjnEOmEeI,64rqvMhAPLLEag310IG3z9,2024-01-02T05:38:13Z,q50mgpub6pstwwkx18evoalop,9
3J4aPKLbKC0NFJjnEOmEeI,6cufDC8WB5AZNSL3ZH2mgV,2024-01-02T05:38:34Z,q50mgpub6pstwwkx18evoalop,10
3J4aPKLbKC0NFJjnEOmEeI,2GiJYvgVaD2HtM8GqD9EgQ,2024-01-02T05:38:43Z,q50mgpub6pstwwkx18evoalop,11
3J4aPKLbKC0NFJjnEOmEeI,5Az8KU81g2aLBbJN67F2CI,2024-01-02T05:39:19Z,q50mgpub6pstwwkx18evoalop,12
3J4aPKLbKC0NFJjnEOmEeI,7e8utCy2JlSB8dRHKi49xM,2024-01-02T05:39:25Z,q50mgpub6pstwwkx18evoalop,13
3J4aPKLbKC0NFJjnEOmEeI,0ZwS03v4euiMztP9xDLgoO,2024-01-02T05:39:59Z,q50mgpub6pstwwkx18evoalop,14
3J4aPKLbKC0NFJjnEOmEeI,6QZ8h3RqIgTRTo3hfaqryx,2024-01-02T05:43:09Z,q50mgpub6pstwwkx18evoalop,15
3J4aPKLbKC0NFJjnEOmEeI,0gohFCf3LlExQw41BfajZg,2024-01-02T05:43:24Z,q50mgpub6pstwwkx18evoalop,16
3J4aPKLbKC0NFJjnEOmEeI,6233bqB0ggXm1v30budBmT,2024-01-02T05:44:22Z,q50mgpub6pstwwkx18evoalop,17
3J4aPKLbKC0NFJjnEOmEeI,1yhJdaC1kecHKUgGCChs4z,2024-01-02T05:45:24Z,q50mgpub6pstwwkx18evoalop,18
775QNMmZKu4NZbx2XEwsi4,6IM6my88zQCsfcibBqKl2L,2023-07-22T16:40:17Z,31zzumwgpsmapcx7ndllbq6guraa,0
775QNMmZKu4NZbx2XEwsi4,1Ukxccao1BlWrPhYkcXbwZ,2023-07-22T16:40:38Z,31zzumwgpsmapcx7ndllbq6guraa,1
775QNMmZKu4NZbx2XEwsi4,6rdkCkjk6D12xRpdMXy0I2,2023-07-22T16:42:14Z,31zzumwgpsmapcx7ndllbq6guraa,2
775QNMmZKu4NZbx2XEwsi4,1h7S5xFqtKsh4Lqy2UInH9,2023-07-22T16:43:38Z,31zzumwgpsmapcx7ndllbq6guraa,3
775QNMmZKu4NZbx2XEwsi4,6xiWbjsJD3pBKdM8tH46qH,2023-07-22T16:45:50Z,31zzumwgpsmapcx7ndllbq6guraa,4
775QNMmZKu4NZbx2XEwsi4,5sdQOyqq2IDhvmx2lHOpwd,2023-07-22T16:50:04Z,31zzumwgpsmapcx7ndllbq6guraa,5
775QNMmZKu4NZbx2XEwsi4,6wBpO4Xc4YgShnENGSFA1M,2023-07-22T17:00:39Z,31zzumwgpsmapcx7ndllbq6guraa,6
775QNMmZKu4NZbx2XEwsi4,2pIUpMhHL6L9Z5lnKxJJr9,2023-07-22T17:04:15Z,31zzumwgpsmapcx7ndllbq6guraa,7
775QNMmZKu4NZbx2XEwsi4,65FftemJ1DbbZ45DUfHJXE,2023-07-22T17:18:38Z,31zzumwgpsmapcx7ndllbq6guraa,8
775QNMmZKu4NZbx2XEwsi4,68HocO7fx9z0MgDU0ZPHro,2023-07-22T17:18:44Z,31zzumwgpsmapcx7ndllbq6guraa,9
775QNMmZKu4NZbx2XEwsi4,5MvxeZPiiLAuB5gI8k3ynk,2023-07-22T17:28:55Z,31zzumwgpsmapcx7ndllbq6guraa,10
775QNMmZKu4NZbx2XEwsi4,3r8RuvgbX9s7ammBn07D3W,2023-07-22T17:29:40Z,31zzumwgpsmapcx7ndllbq6guraa,11
775QNMmZKu4NZbx2XEwsi4,0eFMbKCRw8KByXyWBw8WO7,2023-07-22T17:30:29Z,31zzumwgpsmapcx7ndllbq6guraa,12
775QNMmZKu4NZbx2XEwsi4,5mg3VB3Qh7jcR5kAAC4DSV,2023-07-22T17:31:31Z,31zzumwgpsmapcx7ndllbq6guraa,13
0i2FMK9LtAkowhvXjPqxaO,4StypY6VnE9BqgqQ0ni1tg,2023-03-19T03:16:00Z,31zzumwgpsmapcx7ndllbq6guraa,0
0i2FMK9LtAkowhvXjPqxaO,6izxDWP8kx2yErjuHOdhHV,2023-03-19T03:16:12Z,31zzumwgpsmapcx7ndllbq6guraa,1
0i2FMK9LtAkowhvXjPqxaO,6kf7ZCJjEbjZXikivKOsvJ,2023-03-19T03:21:35Z,31zzumwgpsmapcx7ndllbq6guraa,2
0i2FMK9LtAkowhvXjPqxaO,2LLzfpBmO40TwqM2CwytQF,2023-03-19T05:12:42Z,31zzumwgpsmapcx7ndllbq6guraa,3
0i2FMK9LtAkowhvXjPqxaO,1vZAzqeYO2sAeTSGc24m2k,2023-05-10T17:08:41Z,31zzumwgpsmapcx7ndllbq6guraa,4
0i2FMK9LtAkowhvXjPqxaO,3rd1Chqzxr95fcyBaJl0JZ,2023-05-10T17:13:13Z,31zzumwgpsmapcx7ndllbq6guraa,5
0i2FMK9LtAkowhvXjPqxaO,5m1SvuE1IiMXXAAt7yrS7f,2023-05-12T21:59:11Z,31zzumwgpsmapcx7ndllbq6guraa,6
0i2FMK9LtAkowhvXjPqxaO,3diL1o9iwtHIKtR1qX8dS3,2023-05-14T18:15:07Z,31zzumwgpsmapcx7ndllbq6guraa,7
0i2FMK9LtAkowhvXjPqxaO,0BFXtfNDEYp9AkCIQIaa2J,2023-05-14T18:16:48Z,31zzumwgpsmapcx7ndllbq6guraa,8
0i2FMK9LtAkowhvXjPqxaO,3MHiOpWCWQQgJAplRWxsbJ,2023-05-14T18:18:27Z,31zzumwgpsmapcx7ndllbq6guraa,9
0i2FMK9LtAkowhvXjPqxaO,6w0XODWTyBojzkM3J32Ukp,2023-05-14T18:20:02Z,31zzumwgpsmapcx7ndllbq6guraa,10
0i2FMK9LtAkowhvXjPqxaO,7AI7PbU2zIJfDV9qDNlhZX,2024-02-15T00:16:34Z,31zzumwgpsmapcx7ndllbq6guraa,11
0i2FMK9LtAkowhvXjPqxaO,2u89h3u1Q9DGFSGkOEmGga,2024-02-15T00:22:04Z,31zzumwgpsmapcx7ndllbq6guraa,12
0i2FMK9LtAkowhvXjPqxaO,1vO13Re80EOkpGlsYqOMBa,2024-05-08T14:04:25Z,31zzumwgpsmapcx7ndllbq6guraa,13
0i2FMK9LtAkowhvXjPqxaO,2YIaZvqivJGIFvyeDR2YUr,2024-06-13T08:22:06Z,31zzumwgpsmapcx7ndllbq6guraa,14
0i2FMK9LtAkowhvXjPqxaO,0JSiEnYQy9QVNJ13fyruT1,2024-06-13T08:22:59Z,31zzumwgpsmapcx7ndllbq6guraa,15
0i2FMK9LtAkowhvXjPqxaO,4REqQK9iishun2mGearYMn,2024-11-04T04:48:11Z,31zzumwgpsmapcx7ndllbq6guraa,16
0i2FMK9LtAkowhvXjPqxaO,3jODPGYMRWqZkOM8eJkkHY,2024-11-04T04:48:23Z,31zzumwgpsmapcx7ndllbq6guraa,17
0i2FMK9LtAkowhvXjPqxaO,5lm18pjbwdth6ENVllxjfl,2024-11-04T21:27:45Z,31zzumwgpsmapcx7ndllbq6guraa,18
0i2FMK9LtAkowhvXjPqxaO,3BX2PAoVUzPDHHaaso1wMb,2025-02-19T04:01:02Z,31zzumwgpsmapcx7ndllbq6guraa,19
0i2FMK9LtAkowhvXjPqxaO,6J1aj3bVh1cEgMniGSGRGZ,2025-02-19T04:02:06Z,31zzumwgpsmapcx7ndllbq6guraa,20
0i2FMK9LtAkowhvXjPqxaO,4o0IBTvBGQ15ieGbaY5Jic,2025-02-19T04:03:43Z,31zzumwgpsmapcx7ndllbq6guraa,21
0i2FMK9LtAkowhvXjPqxaO,1AAC58zOWhRn1XBNMlXLzy,2025-02-19T04:09:55Z,31zzumwgpsmapcx7ndllbq6guraa,22
0i2FMK9LtAkowhvXjPqxaO,7oB0QBEnGRIJjvlDc8YnM6,2025-02-19T19:18:09Z,31zzumwgpsmapcx7ndllbq6guraa,23
0i2FMK9LtAkowhvXjPqxaO,4xQMIWaPbIE2f19EaXGbLY,2025-02-23T14:53:31Z,31zzumwgpsmapcx7ndllbq6guraa,24
0i2FMK9LtAkowhvXjPqxaO,5kOXNkG9ZWAn69stILZxaR,2025-02-27T21:13:47Z,31zzumwgpsmapcx7ndllbq6guraa,25
0i2FMK9LtAkowhvXjPqxaO,3PgswPToGIhxrvgjurG63J,2025-07-10T01:37:53Z,31zzumwgpsmapcx7ndllbq6guraa,26
4iTdJNh69WlpVTrn2H5GfL,3r8RuvgbX9s7ammBn07D3W,2023-01-24T18:12:40Z,q50mgpub6pstwwkx18evoalop,0
4iTdJNh69WlpVTrn2H5GfL,5NcLyVjUgG0yfwHgr5t81w,2023-01-24T18:13:10Z,q50mgpub6pstwwkx18evoalop,1
4iTdJNh69WlpVTrn2H5GfL,1Qrg8KqiBpW07V7PNxwwwL,2023-01-24T18:15:33Z,q50mgpub6pstwwkx18evoalop,2
4iTdJNh69WlpVTrn2H5GfL,6QLs06H0H54PPV90ZUVWRE,2023-01-24T18:20:04Z,q50mgpub6pstwwkx18evoalop,3
4iTdJNh69WlpVTrn2H5GfL,1JWtIj2hmFjGucIlC7zfAe,2023-01-24T18:24:52Z,q50mgpub6pstwwkx18evoalop,4
4iTdJNh69WlpVTrn2H5GfL,0KDCkxCsEBoSWj5fsyuvWq,2023-01-24T18:26:00Z,q50mgpub6pstwwkx18evoalop,5
4iTdJNh69WlpVTrn2H5GfL,3jYWTsZM3R3cnF0n2DpxhS,2023-01-24T18:29:57Z,q50mgpub6pstwwkx18evoalop,6
4iTdJNh69WlpVTrn2H5GfL,0GnydTKmczMoKOEl1D4URI,2023-01-24T18:30:13Z,q50mgpub6pstwwkx18evoalop,7
4iTdJNh69WlpVTrn2H5GfL,6tDDoYIxWvMLTdKpjFkc1B,2023-01-24T18:31:33Z,q50mgpub6pstwwkx18evoalop,8
4iTdJNh69WlpVTrn2H5GfL,6LOZws7T3jqZz78unPgFF9,2023-01-24T18:32:01Z,q50mgpub6pstwwkx18evoalop,9
4iTdJNh69WlpVTrn2H5GfL,5XTQXTzEVpYq8wL6DZYgSz,2023-01-24T18:34:34Z,q50mgpub6pstwwkx18evoalop,10
4iTdJNh69WlpVTrn2H5GfL,4JViGq60SvqtQXI3WK0OLS,2023-01-24T18:35:33Z,q50mgpub6pstwwkx18evoalop,11
4iTdJNh69WlpVTrn2H5GfL,7tAJQLlQyLG8lHErCQZH5M,2023-01-24T18:37:53Z,q50mgpub6pstwwkx18evoalop,12
4iTdJNh69WlpVTrn2H5GfL,1WH96QFPIhxlnATR0K90KX,2023-01-24T18:38:04Z,q50mgpub6pstwwkx18evoalop,13
4iTdJNh69WlpVTrn2H5GfL,4Xi0jBySALbHLMh9MnSvAb,2023-01-24T18:38:47Z,q50mgpub6pstwwkx18evoalop,14
4iTdJNh69WlpVTrn2H5GfL,7x2PMStZn3xJqeLXHODckx,2023-01-24T18:40:19Z,q50mgpub6pstwwkx18evoalop,15
4iTdJNh69WlpVTrn2H5GfL,7kcCB7oh6X4bSoFCvrHLvG,2023-01-24T18:41:40Z,q50mgpub6pstwwkx18evoalop,16
4iTdJNh69WlpVTrn2H5GfL,2pIUpMhHL6L9Z5lnKxJJr9,2023-01-24T18:42:04Z,q50mgpub6pstwwkx18evoalop,17
4iTdJNh69WlpVTrn2H5GfL,65FftemJ1DbbZ45DUfHJXE,2023-01-24T18:43:14Z,q50mgpub6pstwwkx18evoalop,18
4iTdJNh69WlpVTrn2H5GfL,2DwUdMJ5uxv20EhAildreg,2023-01-24T18:43:19Z,q50mgpub6pstwwkx18evoalop,19
4iTdJNh69WlpVTrn2H5GfL,5expoVGQPvXuwBBFuNGqBd,2023-01-24T18:43:29Z,q50mgpub6pstwwkx18evoalop,20
4iTdJNh69WlpVTrn2H5GfL,5mXqRd0JvwJ3NxvHmzlsTB,2023-01-24T18:43:41Z,q50mgpub6pstwwkx18evoalop,21
4iTdJNh69WlpVTrn2H5GfL,2bZIDMpzVooosmPHn0tHnd,2023-01-24T18:44:41Z,q50mgpub6pstwwkx18evoalop,22
4iTdJNh69WlpVTrn2H5GfL,6JNBzJx22UEmNz6X2cCXQq,2023-01-24T18:45:13Z,q50mgpub6pstwwkx18evoalop,23
4iTdJNh69WlpVTrn2H5GfL,0a4MMyCrzT0En247IhqZbD,2023-01-25T17:08:38Z,q50mgpub6pstwwkx18evoalop,24
4iTdJNh69WlpVTrn2H5GfL,6AQbmUe0Qwf5PZnt4HmTXv,2023-02-17T03:12:05Z,q50mgpub6pstwwkx18evoalop,25
4iTdJNh69WlpVTrn2H5GfL,6rVCUwfnuYTAsX4P9fIdIu,2023-02-19T23:55:54Z,q50mgpub6pstwwkx18evoalop,26
4iTdJNh69WlpVTrn2H5GfL,4agr2R3yG1uZH1NcnETXRA,2023-02-20T16:32:32Z,q50mgpub6pstwwkx18evoalop,27
4iTdJNh69WlpVTrn2H5GfL,1cfZ1LikU4tmCScjLBJqOl,2023-02-20T22:56:39Z,q50mgpub6pstwwkx18evoalop,28
4iTdJNh69WlpVTrn2H5GfL,4dKa5ZzlGqUy3Wo0yaXKNI,2023-03-02T23:33:12Z,q50mgpub6pstwwkx18evoalop,29
4iTdJNh69WlpVTrn2H5GfL,0rzaRSujxA0bKyjJl6vHYq,2023-04-01T14:52:46Z,q50mgpub6pstwwkx18evoalop,30
4RLcrcP585FTUXz4J30gtC,6vFsBXYczYsP0H3lgunZOm,2022-12-02T05:39:04Z,q50mgpub6pstwwkx18evoalop,0
4RLcrcP585FTUXz4J30gtC,1tD8J13a74q8fBqXwAP50j,2022-12-02T05:39:42Z,q50mgpub6pstwwkx18evoalop,1
4RLcrcP585FTUXz4J30gtC,1XQsbPO6xvK9edK3FiNjpj,2022-12-02T05:42:23Z,q50mgpub6pstwwkx18evoalop,2
4RLcrcP585FTUXz4J30gtC,6rdveaxn9mg8gSeYhxyLlF,2022-12-02T05:44:27Z,q50mgpub6pstwwkx18evoalop,3
4RLcrcP585FTUXz4J30gtC,1xWJ3RJrJ3Ep7KevWVRpl5,2022-12-02T05:46:12Z,q50mgpub6pstwwkx18evoalop,4
4RLcrcP585FTUXz4J30gtC,2dLv6YwZtcmoHKbeBHyAYH,2022-12-02T05:47:04Z,q50mgpub6pstwwkx18evoalop,5
4RLcrcP585FTUXz4J30gtC,6ZzYETKetIfNUsZUb23jgG,2022-12-02T05:47:19Z,q50mgpub6pstwwkx18evoalop,6
4RLcrcP585FTUXz4J30gtC,4XQnhcwRPRmGG4E6PakLMb,2022-12-02T05:48:01Z,q50mgpub6pstwwkx18evoalop,7
4RLcrcP585FTUXz4J30gtC,0vu3XfUitueA4S7l93kNU3,2022-12-02T05:48:07Z,q50mgpub6pstwwkx18evoalop,8
4RLcrcP585FTUXz4J30gtC,1ko2lVN0vKGUl9zrU0qSlT,2022-12-02T05:54:38Z,q50mgpub6pstwwkx18evoalop,9
4RLcrcP585FTUXz4J30gtC,0WVOBPRjZ4AAYjZDAw36mE,2022-12-02T05:54:53Z,q50mgpub6pstwwkx18evoalop,10
4RLcrcP585FTUXz4J30gtC,5IiyNabirSbtBt7mGwb9n3,2022-12-02T05:56:08Z,q50mgpub6pstwwkx18evoalop,11
4RLcrcP585FTUXz4J30gtC,7IL8PSVwLOJxqYne6azxQv,2022-12-02T05:56:29Z,q50mgpub6pstwwkx18evoalop,12
4RLcrcP585FTUXz4J30gtC,0VF7YLIxSQKyNiFL3X6MmN,2022-12-02T05:59:40Z,q50mgpub6pstwwkx18evoalop,13
4RLcrcP585FTUXz4J30gtC,4i9zZb6mPKfQRXRb5HKjSw,2022-12-02T06:01:25Z,q50mgpub6pstwwkx18evoalop,14
4RLcrcP585FTUXz4J30gtC,5pJPgy2jGvvNUNfHPvG3Zp,2022-12-02T06:04:05Z,q50mgpub6pstwwkx18evoalop,15
4RLcrcP585FTUXz4J30gtC,2kFHjWko1il6O9L3eK9IzG,2022-12-02T06:05:52Z,q50mgpub6pstwwkx18evoalop,16
4RLcrcP585FTUXz4J30gtC,5L6gJckKOQ0RxmFS8aB2e9,2022-12-02T06:06:34Z,q50mgpub6pstwwkx18evoalop,17
7wt9LWWOXVLqQlB84PxVuB,5mQrrvxSTuqPzLUtaVNtnN,2022-12-02T04:29:52Z,q50mgpub6pstwwkx18evoalop,0
7wt9LWWOXVLqQlB84PxVuB,0R72jZmpO4fK6wlFLGOkx5,2022-12-02T04:29:35Z,q50mgpub6pstwwkx18evoalop,1
7wt9LWWOXVLqQlB84PxVuB,5rHoZOh481VFV9kJovM9RI,2022-12-02T04:43:04Z,q50mgpub6pstwwkx18evoalop,2
7wt9LWWOXVLqQlB84PxVuB,278S3N0ZiTASke9yuDP4KD,2022-12-02T04:47:23Z,q50mgpub6pstwwkx18evoalop,3
7wt9LWWOXVLqQlB84PxVuB,7mviMqqbfFyZSE1F0pXV9o,2022-12-02T05:07:37Z,q50mgpub6pstwwkx18evoalop,4
7wt9LWWOXVLqQlB84PxVuB,2aZ2Co4NeQRsqWcU930zHT,2022-12-02T05:26:58Z,q50mgpub6pstwwkx18evoalop,5
7wt9LWWOXVLqQlB84PxVuB,3aVGdoYas2GPVZNLN1IxXY,2022-12-02T05:30:19Z,q50mgpub6pstwwkx18evoalop,6
7wt9LWWOXVLqQlB84PxVuB,5VCOAW6rjaZvJrVB8x6Uau,2022-12-02T05:31:34Z,q50mgpub6pstwwkx18evoalop,7
7wt9LWWOXVLqQlB84PxVuB,60Ih7J2Q1o9shvMC2OAALu,2022-12-02T05:32:09Z,q50mgpub6pstwwkx18evoalop,8
7wt9LWWOXVLqQlB84PxVuB,5YHhxbtAAkOiIXqNBfYjZU,2022-12-02T05:32:51Z,q50mgpub6pstwwkx18evoalop,9
7wt9LWWOXVLqQlB84PxVuB,28C4nmrd7BTu0XbOmaTHZr,2022-12-02T05:33:30Z,q50mgpub6pstwwkx18evoalop,10
7wt9LWWOXVLqQlB84PxVuB,6UHXid81fYrYaeoKdB6JvL,2022-12-02T13:51:33Z,q50mgpub6pstwwkx18evoalop,11
7wt9LWWOXVLqQlB84PxVuB,0wEdWYfdY8B7P1G3JEzwT4,2022-12-03T18:28:22Z,q50mgpub6pstwwkx18evoalop,12
7wt9LWWOXVLqQlB84PxVuB,5cbqiMnajB7tuHSohmB3ul,2022-12-07T03:20:17Z,q50mgpub6pstwwkx18evoalop,13
7wt9LWWOXVLqQlB84PxVuB,7dFERLugNJZUgtX1V3KA4b,2022-12-07T03:21:50Z,q50mgpub6pstwwkx18evoalop,14
4jPjkcNvScLAuE0Gxpuovx,4bDpCkzVS8KqPfIzNaxLia,2022-11-20T19:19:58Z,31zzumwgpsmapcx7ndllbq6guraa,0
4jPjkcNvScLAuE0Gxpuovx,3iE2vqi88Jc7ILoKHnRSGs,2022-11-20T19:20:18Z,31zzumwgpsmapcx7ndllbq6guraa,1
4jPjkcNvScLAuE0Gxpuovx,6NZq4opgc0WBgzkFpkCzfe,2022-11-20T19:21:08Z,31zzumwgpsmapcx7ndllbq6guraa,2
4jPjkcNvScLAuE0Gxpuovx,4Y5fyQ5fBysC32Na5sZT3J,2022-11-20T19:21:34Z,31zzumwgpsmapcx7ndllbq6guraa,3
4jPjkcNvScLAuE0Gxpuovx,3pfbQmD5xGH9Tcc7GqGfSL,2022-11-20T19:21:43Z,31zzumwgpsmapcx7ndllbq6guraa,4
4jPjkcNvScLAuE0Gxpuovx,4kF394GKEnI13QdZBM9mxM,2022-11-20T19:22:10Z,31zzumwgpsmapcx7ndllbq6guraa,5
4jPjkcNvScLAuE0Gxpuovx,4qGfJb2KByjvzrwo8HNibg,2022-11-20T19:22:49Z,31zzumwgpsmapcx7ndllbq6guraa,6
4jPjkcNvScLAuE0Gxpuovx,4l9hml2UCnxoNI3yCdL1BW,2022-11-20T19:23:15Z,31zzumwgpsmapcx7ndllbq6guraa,7
4jPjkcNvScLAuE0Gxpuovx,1UH4viviUjZnS9aWgPGrk0,2022-11-20T19:24:18Z,31zzumwgpsmapcx7ndllbq6guraa,8
4jPjkcNvScLAuE0Gxpuovx,1oDCK7PW72XEZ1pE5rh87A,2022-11-20T19:25:22Z,31zzumwgpsmapcx7ndllbq6guraa,9
4jPjkcNvScLAuE0Gxpuovx,2vfINZ5Xnf1HggzoQKgqps,2022-11-20T19:25:53Z,31zzumwgpsmapcx7ndllbq6guraa,10
4jPjkcNvScLAuE0Gxpuovx,1zNXF2svmdlNxfS5XeNUgr,2022-11-20T19:26:00Z,31zzumwgpsmapcx7ndllbq6guraa,11
4jPjkcNvScLAuE0Gxpuovx,1fGw0faPRB6ipmBqMESkZo,2022-11-20T19:30:53Z,31zzumwgpsmapcx7ndllbq6guraa,12
4jPjkcNvScLAuE0Gxpuovx,7qUHXELKveJr4s5ecg4yWg,2022-11-20T19:30:59Z,31zzumwgpsmapcx7ndllbq6guraa,13
4jPjkcNvScLAuE0Gxpuovx,35gOocYNoSlvtWEU67UuHI,2022-11-20T19:31:05Z,31zzumwgpsmapcx7ndllbq6guraa,14
4jPjkcNvScLAuE0Gxpuovx,5CY039j1Mt4fGfBzfJqBNP,2022-11-20T19:31:13Z,31zzumwgpsmapcx7ndllbq6guraa,15
4jPjkcNvScLAuE0Gxpuovx,52Bvu2IqOZuq77KRkDcLzS,2022-11-20T19:31:19Z,31zzumwgpsmapcx7ndllbq6guraa,16
4jPjkcNvScLAuE0Gxpuovx,0vGS7srr6FGqgFElP3g1yQ,2022-11-20T19:31:37Z,31zzumwgpsmapcx7ndllbq6guraa,17
4jPjkcNvScLAuE0Gxpuovx,2m2neHY8NvToPYO1H0XCkq,2022-11-20T19:32:14Z,31zzumwgpsmapcx7ndllbq6guraa,18
4jPjkcNvScLAuE0Gxpuovx,33jt3kYWjQzqn3xyYQ5ZEh,2022-11-20T19:34:48Z,31zzumwgpsmapcx7ndllbq6guraa,19
4jPjkcNvScLAuE0Gxpuovx,5QnCtH7euld6R68UwcWrte,2022-11-20T19:34:55Z,31zzumwgpsmapcx7ndllbq6guraa,20
4jPjkcNvScLAuE0Gxpuovx,7tIOwGFRTM08JdAeKOELGp,2025-02-28T04:17:09Z,31zzumwgpsmapcx7ndllbq6guraa,21
4jPjkcNvScLAuE0Gxpuovx,7vmC7JVs2lGtdaE3vg8aPp,2025-07-11T02:46:19Z,31zzumwgpsmapcx7ndllbq6guraa,22
4jPjkcNvScLAuE0Gxpuovx,5TEbPy96mbPIH31c3XMWBK,2025-07-23T15:28:06Z,31zzumwgpsmapcx7ndllbq6guraa,23
4jPjkcNvScLAuE0Gxpuovx,3YNPJrSGsLw0MmJ0IEFySz,2025-08-16T16:42:14Z,31zzumwgpsmapcx7ndllbq6guraa,24
4jPjkcNvScLAuE0Gxpuovx,5vKW6JkPdrWDkEelgx7R8r,2025-09-06T16:25:13Z,31zzumwgpsmapcx7ndllbq6guraa,25
0i7LX7GwW5bLhY1ZZUOj9Y,2lHmx4nJOTGHx2PkEFMADF,2022-11-17T15:41:31Z,31zzumwgpsmapcx7ndllbq6guraa,0
0i7LX7GwW5bLhY1ZZUOj9Y,2eLe81VDUQ5f0xFfc9cMWz,2022-11-17T15:41:36Z,31zzumwgpsmapcx7ndllbq6guraa,1
0i7LX7GwW5bLhY1ZZUOj9Y,7K31QxS2DmTBxdYldd8yqf,2022-11-17T15:41:53Z,31zzumwgpsmapcx7ndllbq6guraa,2
0i7LX7GwW5bLhY1ZZUOj9Y,62SJ5qkvcNBorQ6QNg6Xcb,2022-11-17T15:42:08Z,31zzumwgpsmapcx7ndllbq6guraa,3
0i7LX7GwW5bLhY1ZZUOj9Y,4OHq2ao4pXmGq9OOuP3lxb,2022-11-17T15:42:44Z,31zzumwgpsmapcx7ndllbq6guraa,4
0i7LX7GwW5bLhY1ZZUOj9Y,2Jk6JQDlAQAKthfTbnsahh,2022-11-17T15:43:32Z,31zzumwgpsmapcx7ndllbq6guraa,5
0i7LX7GwW5bLhY1ZZUOj9Y,2KE7I9eXtUKxrvtenk6KPb,2022-11-17T15:43:39Z,31zzumwgpsmapcx7ndllbq6guraa,6
0i7LX7GwW5bLhY1ZZUOj9Y,2y4hHM6c48Qzk0bqh33XfB,2022-11-17T15:44:30Z,31zzumwgpsmapcx7ndllbq6guraa,7
0i7LX7GwW5bLhY1ZZUOj9Y,2qd4cLpENPf0gBia8WFi0m,2022-11-17T15:46:00Z,31zzumwgpsmapcx7ndllbq6guraa,8
0i7LX7GwW5bLhY1ZZUOj9Y,2tYPFWrbGbsGKafe5pP64z,2022-11-17T15:46:39Z,31zzumwgpsmapcx7ndllbq6guraa,9
0i7LX7GwW5bLhY1ZZUOj9Y,3GTRCT1awGpTwi3ONuT8D3,2022-11-17T15:49:07Z,31zzumwgpsmapcx7ndllbq6guraa,10
0i7LX7GwW5bLhY1ZZUOj9Y,06ZjtFrSVuESKVe9bnZrNp,2022-11-17T15:50:31Z,31zzumwgpsmapcx7ndllbq6guraa,11
0i7LX7GwW5bLhY1ZZUOj9Y,6pDvQuoG0AhHTdy7yWyvMG,2022-11-17T15:51:14Z,31zzumwgpsmapcx7ndllbq6guraa,12
0i7LX7GwW5bLhY1ZZUOj9Y,2IslXjQwGJNORQmMy3DeE4,2022-11-17T15:52:06Z,31zzumwgpsmapcx7ndllbq6guraa,13
0i7LX7GwW5bLhY1ZZUOj9Y,12puBxVyMdnDk07cLQx9DH,2022-11-17T15:52:25Z,31zzumwgpsmapcx7ndllbq6guraa,14
0i7LX7GwW5bLhY1ZZUOj9Y,4YTvuLSqKshDOJvwyDmAYS,2022-11-17T15:52:46Z,31zzumwgpsmapcx7ndllbq6guraa,15
0i7LX7GwW5bLhY1ZZUOj9Y,6GS3lnAVy5w6AHWEKYzYeS,2022-11-17T15:53:02Z,31zzumwgpsmapcx7ndllbq6guraa,16
0i7LX7GwW5bLhY1ZZUOj9Y,7LN1f9jAIu7yxBzsLMN7RB,2022-11-17T15:53:39Z,31zzumwgpsmapcx7ndllbq6guraa,17
0i7LX7GwW5bLhY1ZZUOj9Y,7lPFh8HF5FFMzSIUOwvRTm,2022-11-17T15:54:28Z,31zzumwgpsmapcx7ndllbq6guraa,18
0i7LX7GwW5bLhY1ZZUOj9Y,4vtdQlhEQCwVHIL77Iu7dG,2022-11-19T03:46:32Z,31zzumwgpsmapcx7ndllbq6guraa,19
0i7LX7GwW5bLhY1ZZUOj9Y,4s1oXSn2EMC5AplFtVp0pE,2022-11-19T03:58:20Z,31zzumwgpsmapcx7ndllbq6guraa,20
0i7LX7GwW5bLhY1ZZUOj9Y,7aHBGcIkKffL8JGz5czTeA,2023-01-28T21:32:38Z,31zzumwgpsmapcx7ndllbq6guraa,21
0i7LX7GwW5bLhY1ZZUOj9Y,2gccCocSljvkKhBL7gkYLN,2023-02-06T06:18:25Z,31zzumwgpsmapcx7ndllbq6guraa,22
0i7LX7GwW5bLhY1ZZUOj9Y,56kEVpEC3IB1gbgG9yHc44,2023-02-06T06:18:29Z,31zzumwgpsmapcx7ndllbq6guraa,23
0i7LX7GwW5bLhY1ZZUOj9Y,4g0T8OLqb0aUp5x5GzeKR0,2025-02-08T04:04:07Z,31zzumwgpsmapcx7ndllbq6guraa,24
0i7LX7GwW5bLhY1ZZUOj9Y,29MHN4pjwkSSKsGowRETGW,2025-02-17T17:32:13Z,31zzumwgpsmapcx7ndllbq6guraa,25
5H6ByBKt0e2U6tPJejAE6G,1ygW05S85K7mXHDtqgbnHg,2022-11-05T02:40:48Z,31zzumwgpsmapcx7ndllbq6guraa,0
5H6ByBKt0e2U6tPJejAE6G,4YhY2qHdBmSX33uj8ms0oq,2022-11-05T02:41:46Z,31zzumwgpsmapcx7ndllbq6guraa,1
5H6ByBKt0e2U6tPJejAE6G,1KYp6R9KfYSna86gFkIhq0,2022-11-05T02:41:57Z,31zzumwgpsmapcx7ndllbq6guraa,2
5H6ByBKt0e2U6tPJejAE6G,7lniXNKQilhilPfXDGmVOW,2022-11-05T02:42:46Z,31zzumwgpsmapcx7ndllbq6guraa,3
5H6ByBKt0e2U6tPJejAE6G,2IHJbBiT7v4oR4WXt63yVZ,2022-11-05T02:44:11Z,31zzumwgpsmapcx7ndllbq6guraa,4
5H6ByBKt0e2U6tPJejAE6G,2YhRZ687SWWVigrs4TNqAn,2022-11-05T02:44:51Z,31zzumwgpsmapcx7ndllbq6guraa,5
5H6ByBKt0e2U6tPJejAE6G,5YvajlpEQXNJmMUi8iV9Lr,2022-11-05T02:45:29Z,31zzumwgpsmapcx7ndllbq6guraa,6
5H6ByBKt0e2U6tPJejAE6G,4uw2qhrKn6mbboD13KP7C4,2022-11-05T02:46:05Z,31zzumwgpsmapcx7ndllbq6guraa,7
5H6ByBKt0e2U6tPJejAE6G,07ImyEKdguEZSPzd3AF1L4,2022-11-05T02:48:07Z,31zzumwgpsmapcx7ndllbq6guraa,8
5H6ByBKt0e2U6tPJejAE6G,5Gu9fOL58Zg9VaOoiO3jHx,2022-11-05T02:49:04Z,31zzumwgpsmapcx7ndllbq6guraa,9
5H6ByBKt0e2U6tPJejAE6G,32d7oahaUVsJWaVFJkh5aT,2022-12-25T04:45:42Z,31zzumwgpsmapcx7ndllbq6guraa,10
5lfpg8lJGejcrzApSur0sH,1wq8Jpu0fGet8YnrzephPK,2022-09-26T03:52:28Z,q50mgpub6pstwwkx18evoalop,0
5lfpg8lJGejcrzApSur0sH,39Xa43tlDYeCoDvVyrjs3g,2022-09-26T03:48:39Z,q50mgpub6pstwwkx18evoalop,1
5lfpg8lJGejcrzApSur0sH,3qbsRctNTLFSgCvz6ZKYjW,2022-09-26T03:49:47Z,q50mgpub6pstwwkx18evoalop,2
5lfpg8lJGejcrzApSur0sH,4XQnhcwRPRmGG4E6PakLMb,2022-09-26T03:49:51Z,q50mgpub6pstwwkx18evoalop,3
5lfpg8lJGejcrzApSur0sH,0AbBDwYc7ID6M4OZ68EpUj,2022-09-26T03:50:11Z,q50mgpub6pstwwkx18evoalop,4
5lfpg8lJGejcrzApSur0sH,1tgaW3ZnfYWJhPkCZeOJ4O,2022-09-26T03:50:07Z,q50mgpub6pstwwkx18evoalop,5
5lfpg8lJGejcrzApSur0sH,0Hja9zlVQHC768PsPjWscW,2022-09-26T03:49:55Z,q50mgpub6pstwwkx18evoalop,6
5lfpg8lJGejcrzApSur0sH,1GD52i5GlTOPU5K5gRsuX8,2022-09-26T03:50:14Z,q50mgpub6pstwwkx18evoalop,7
5lfpg8lJGejcrzApSur0sH,6j4Lx4ZKWhbuBom556ZqlP,2022-09-26T03:52:37Z,q50mgpub6pstwwkx18evoalop,8
5lfpg8lJGejcrzApSur0sH,3d8oIEIdoU2ZWVmiGvdGCE,2022-09-26T03:50:18Z,q50mgpub6pstwwkx18evoalop,9
5lfpg8lJGejcrzApSur0sH,51Grh1RyUDcMBbpuyUIUHI,2022-09-26T03:50:31Z,q50mgpub6pstwwkx18evoalop,10
5lfpg8lJGejcrzApSur0sH,2xms6U7ngGDBYJ4RnRTPyz,2022-09-26T03:50:38Z,q50mgpub6pstwwkx18evoalop,11
5lfpg8lJGejcrzApSur0sH,4nXbMeiYZCMxl2B7NvxLdR,2022-09-26T03:50:50Z,q50mgpub6pstwwkx18evoalop,12
5lfpg8lJGejcrzApSur0sH,3JBnDOUd18QKjDqSYuOfpm,2022-09-26T03:51:12Z,q50mgpub6pstwwkx18evoalop,13
5lfpg8lJGejcrzApSur0sH,7fN7XpK8UY41MyTXKuvZiO,2022-09-26T03:51:41Z,q50mgpub6pstwwkx18evoalop,14
5lfpg8lJGejcrzApSur0sH,2XdyebP7KxClMOse2C5iyA,2022-09-26T03:51:45Z,q50mgpub6pstwwkx18evoalop,15
5lfpg8lJGejcrzApSur0sH,5VDUaguu4uxJ4Qj82e9aMN,2022-09-26T03:51:47Z,q50mgpub6pstwwkx18evoalop,16
5lfpg8lJGejcrzApSur0sH,4Sav8RLaXMBpTZX6xNPj0K,2022-09-26T03:51:50Z,q50mgpub6pstwwkx18evoalop,17
5lfpg8lJGejcrzApSur0sH,46UOLl4VYcYwAqsbJlYog5,2022-09-26T03:51:58Z,q50mgpub6pstwwkx18evoalop,18
5lfpg8lJGejcrzApSur0sH,4ULsCTQGjVpzjV2W9vm20V,2022-09-26T03:52:02Z,q50mgpub6pstwwkx18evoalop,19
5lfpg8lJGejcrzApSur0sH,3hbi6hayJ6OibzGe3fWLwf,2022-09-26T03:52:06Z,q50mgpub6pstwwkx18evoalop,20
5lfpg8lJGejcrzApSur0sH,2EDpsT55NCISpccODTIUiV,2022-09-26T03:52:13Z,q50mgpub6pstwwkx18evoalop,21
5lfpg8lJGejcrzApSur0sH,5L6gJckKOQ0RxmFS8aB2e9,2022-09-26T03:52:22Z,q50mgpub6pstwwkx18evoalop,22
5lfpg8lJGejcrzApSur0sH,23CGIyZhjagN58j0KIMHeG,2022-09-26T03:52:25Z,q50mgpub6pstwwkx18evoalop,23
5lfpg8lJGejcrzApSur0sH,16FoyabyqWiC4G0crZDt5Y,2022-09-26T03:52:32Z,q50mgpub6pstwwkx18evoalop,24
5lfpg8lJGejcrzApSur0sH,2sXEt6xhBXrefqPqNTyQNr,2022-09-26T03:52:39Z,q50mgpub6pstwwkx18evoalop,25
5lfpg8lJGejcrzApSur0sH,4crdHmkZQmNd2hucSIk7dA,2022-10-04T15:34:09Z,q50mgpub6pstwwkx18evoalop,26
6c8DHRxSR2uINHc9GvUEcf,5musrAw7qF2DwkLtLA4n1j,2022-10-08T04:20:10Z,31zzumwgpsmapcx7ndllbq6guraa,0
6c8DHRxSR2uINHc9GvUEcf,1cpANF6zMBoFoxkoIjZHjv,2022-10-08T04:20:23Z,31zzumwgpsmapcx7ndllbq6guraa,1
6c8DHRxSR2uINHc9GvUEcf,1a8NXpwR2o6LZEG4uAJ6ck,2022-10-08T04:20:57Z,31zzumwgpsmapcx7ndllbq6guraa,2
6c8DHRxSR2uINHc9GvUEcf,0Y2P9hyyEB7SO4f8xnR1UG,2022-10-08T04:21:03Z,31zzumwgpsmapcx7ndllbq6guraa,3
6c8DHRxSR2uINHc9GvUEcf,73WcaebzWUKzr7Nb0Ehf7L,2022-10-08T04:21:57Z,31zzumwgpsmapcx7ndllbq6guraa,4
6c8DHRxSR2uINHc9GvUEcf,6yinSttivI31ybMeU8jlAF,2022-10-08T04:22:31Z,31zzumwgpsmapcx7ndllbq6guraa,5
6c8DHRxSR2uINHc9GvUEcf,6yKkA8HzwWTZ5taIMaG4Nm,2022-10-08T04:22:50Z,31zzumwgpsmapcx7ndllbq6guraa,6
6c8DHRxSR2uINHc9GvUEcf,1j6NmM0Qzyj72SpQy8gvpb,2022-10-08T04:24:45Z,31zzumwgpsmapcx7ndllbq6guraa,7
6c8DHRxSR2uINHc9GvUEcf,5WI6ySDkrNYsxhzbCxWSTn,2022-10-08T04:25:27Z,31zzumwgpsmapcx7ndllbq6guraa,8
6c8DHRxSR2uINHc9GvUEcf,5y9SsiwEDr8oPdOBbBBIyN,2022-10-08T04:27:15Z,31zzumwgpsmapcx7ndllbq6guraa,9
6c8DHRxSR2uINHc9GvUEcf,0zmG4o24Q0K0cpVRgIBI4k,2022-10-08T04:29:15Z,31zzumwgpsmapcx7ndllbq6guraa,10
6c8DHRxSR2uINHc9GvUEcf,1UFN0usP0vcK2oUAF9CUlG,2022-10-08T04:30:32Z,31zzumwgpsmapcx7ndllbq6guraa,11
6c8DHRxSR2uINHc9GvUEcf,011wU0yXPNGYMboKdtYXm9,2022-10-08T04:39:56Z,31zzumwgpsmapcx7ndllbq6guraa,12
6c8DHRxSR2uINHc9GvUEcf,3ktv2iqF2G7r2RNUyJK7jj,2022-10-08T04:41:26Z,31zzumwgpsmapcx7ndllbq6guraa,13
6c8DHRxSR2uINHc9GvUEcf,1pzTm9kIN7PJ5LM5qDrwcZ,2022-10-08T04:46:08Z,31zzumwgpsmapcx7ndllbq6guraa,14
6c8DHRxSR2uINHc9GvUEcf,5O4qjToldZVIOHF8U3O2bD,2022-10-08T04:47:16Z,31zzumwgpsmapcx7ndllbq6guraa,15
6c8DHRxSR2uINHc9GvUEcf,5p8o3z2rBcyC8D79obHNK2,2022-10-08T04:59:09Z,31zzumwgpsmapcx7ndllbq6guraa,16
6c8DHRxSR2uINHc9GvUEcf,4tlKqbLvmXPg5b5O9ybxle,2022-10-08T05:00:55Z,31zzumwgpsmapcx7ndllbq6guraa,17
6c8DHRxSR2uINHc9GvUEcf,1qe6J2MstPccZcIR48KcFL,2022-10-08T05:06:33Z,31zzumwgpsmapcx7ndllbq6guraa,18
6c8DHRxSR2uINHc9GvUEcf,2qZaXfhz5d3g1uoDiyihPZ,2022-10-08T05:08:13Z,31zzumwgpsmapcx7ndllbq6guraa,19
6c8DHRxSR2uINHc9GvUEcf,5yS3TsaBmVhk1ELFexUs6Q,2022-10-08T05:10:58Z,31zzumwgpsmapcx7ndllbq6guraa,20
6c8DHRxSR2uINHc9GvUEcf,6s5Ush55ZistjzNAbbIpoL,2022-10-08T05:12:17Z,31zzumwgpsmapcx7ndllbq6guraa,21
6c8DHRxSR2uINHc9GvUEcf,2yiISACbYnL2hApy1ffKKs,2022-10-08T05:13:08Z,31zzumwgpsmapcx7ndllbq6guraa,22
6c8DHRxSR2uINHc9GvUEcf,49H4LDNFE5BU7ZMIg8UsZy,2022-10-08T05:19:27Z,31zzumwgpsmapcx7ndllbq6guraa,23
6c8DHRxSR2uINHc9GvUEcf,0nuovvFq3ANwgnppN9zbGj,2024-08-31T07:47:16Z,31zzumwgpsmapcx7ndllbq6guraa,24
6c8DHRxSR2uINHc9GvUEcf,19Lp84MBNIbMpwolf2k3Zu,2025-04-25T03:05:38Z,31zzumwgpsmapcx7ndllbq6guraa,25
6c8DHRxSR2uINHc9GvUEcf,5Klgb93WMbTBsdpMrbXMcn,2025-04-25T14:26:50Z,31zzumwgpsmapcx7ndllbq6guraa,26
6c8DHRxSR2uINHc9GvUEcf,5JnetIWfSVHJ5Ch5o1ASJp,2025-06-19T00:47:46Z,31zzumwgpsmapcx7ndllbq6guraa,27
6c8DHRxSR2uINHc9GvUEcf,1D088AZQA5DXYKz1vqhGNt,2025-06-19T00:48:34Z,31zzumwgpsmapcx7ndllbq6guraa,28
6c8DHRxSR2uINHc9GvUEcf,0yjMd7MGwfk5VKek5wnpC3,2025-06-19T00:49:57Z,31zzumwgpsmapcx7ndllbq6guraa,29
6c8DHRxSR2uINHc9GvUEcf,4YwFiUGcWaVlDBfioL0D0g,2025-06-19T00:51:25Z,31zzumwgpsmapcx7ndllbq6guraa,30
6c8DHRxSR2uINHc9GvUEcf,5fKzDd7IPZ88CV06sGzG0X,2025-06-19T00:53:52Z,31zzumwgpsmapcx7ndllbq6guraa,31
6c8DHRxSR2uINHc9GvUEcf,1rSirOSgJ7I6OyoOIpQ5N4,2025-08-14T23:49:32Z,31zzumwgpsmapcx7ndllbq6guraa,32
6c8DHRxSR2uINHc9GvUEcf,66f5iRmvyx9o0iIFRPkJfM,2025-08-30T02:49:44Z,31zzumwgpsmapcx7ndllbq6guraa,33
6aJmacs5ecKJ4V4QG4POsk,4RvWPyQ5RL0ao9LPZeSouE,2022-09-08T02:13:44Z,q50mgpub6pstwwkx18evoalop,0
6aJmacs5ecKJ4V4QG4POsk,7o4BIVzqjcUnY8jGPD99sK,2022-09-08T02:25:23Z,q50mgpub6pstwwkx18evoalop,1
6aJmacs5ecKJ4V4QG4POsk,7e8utCy2JlSB8dRHKi49xM,2022-09-08T02:32:54Z,q50mgpub6pstwwkx18evoalop,2
6aJmacs5ecKJ4V4QG4POsk,50u2y4zgROMZq2db8Qx94B,2022-09-08T02:34:08Z,q50mgpub6pstwwkx18evoalop,3
6aJmacs5ecKJ4V4QG4POsk,3AydAydLzyyZutA0375XIz,2022-09-10T01:45:41Z,q50mgpub6pstwwkx18evoalop,4
6aJmacs5ecKJ4V4QG4POsk,55meRTYBw8S5q7KF3DkjL7,2022-09-10T01:50:48Z,q50mgpub6pstwwkx18evoalop,5
6aJmacs5ecKJ4V4QG4POsk,5rHoZOh481VFV9kJovM9RI,2022-09-10T01:55:46Z,q50mgpub6pstwwkx18evoalop,6
6aJmacs5ecKJ4V4QG4POsk,6f65alTsp8H5BBd7MKh2Ya,2022-09-10T01:56:08Z,q50mgpub6pstwwkx18evoalop,7
6aJmacs5ecKJ4V4QG4POsk,69IosokH54HzpJZoFIIy74,2022-09-10T01:56:31Z,q50mgpub6pstwwkx18evoalop,8
6aJmacs5ecKJ4V4QG4POsk,4txfLdr3BX5IySxWNP4bbn,2022-09-10T01:56:36Z,q50mgpub6pstwwkx18evoalop,9
6aJmacs5ecKJ4V4QG4POsk,6uhvuMDb93ANzVxNABDgf1,2022-09-10T01:57:36Z,q50mgpub6pstwwkx18evoalop,10
6aJmacs5ecKJ4V4QG4POsk,5sdgUBxKR6XKlryKwwulwZ,2022-09-21T16:19:41Z,q50mgpub6pstwwkx18evoalop,11
2UUNUW1eF0FBzZWkX68izG,50u2y4zgROMZq2db8Qx94B,2022-09-11T23:15:33Z,31zzumwgpsmapcx7ndllbq6guraa,0
2UUNUW1eF0FBzZWkX68izG,5sPV2WtUJeUvqdXcxT8bdk,2022-09-11T23:15:45Z,31zzumwgpsmapcx7ndllbq6guraa,1
2UUNUW1eF0FBzZWkX68izG,5xwBIieMMFUmLDgvG4DjFe,2022-09-11T23:17:41Z,31zzumwgpsmapcx7ndllbq6guraa,2
2UUNUW1eF0FBzZWkX68izG,4jz3eqH3Y8j565cUe3aSOq,2022-09-11T23:21:07Z,31zzumwgpsmapcx7ndllbq6guraa,3
2UUNUW1eF0FBzZWkX68izG,2yjDmSX8ukT00SXmRs04T6,2022-09-11T23:21:45Z,31zzumwgpsmapcx7ndllbq6guraa,4
2UUNUW1eF0FBzZWkX68izG,4HJc004qYXE9zsG6PfTFFj,2022-09-11T23:22:45Z,31zzumwgpsmapcx7ndllbq6guraa,5
2UUNUW1eF0FBzZWkX68izG,2pi11oEW4jBv53ViIjo7fC,2022-09-11T23:35:33Z,31zzumwgpsmapcx7ndllbq6guraa,6
2UUNUW1eF0FBzZWkX68izG,1VOpd2D30gx8CIXVFcb37Y,2022-09-11T23:36:50Z,31zzumwgpsmapcx7ndllbq6guraa,7
2UUNUW1eF0FBzZWkX68izG,7aKEKEyC00307wqmwmvRh3,2022-09-11T23:38:29Z,31zzumwgpsmapcx7ndllbq6guraa,8
2UUNUW1eF0FBzZWkX68izG,0six1LYkEh8vBorQvMF8hQ,2022-09-11T23:39:21Z,31zzumwgpsmapcx7ndllbq6guraa,9
2UUNUW1eF0FBzZWkX68izG,7o4BIVzqjcUnY8jGPD99sK,2022-09-11T23:41:17Z,31zzumwgpsmapcx7ndllbq6guraa,10
2UUNUW1eF0FBzZWkX68izG,5b0AY8ZEWEzePJolcjsBWA,2022-09-11T23:43:04Z,31zzumwgpsmapcx7ndllbq6guraa,11
2UUNUW1eF0FBzZWkX68izG,61lc9FK6RvPaU8YgeKf2NE,2022-09-11T23:46:06Z,31zzumwgpsmapcx7ndllbq6guraa,12
2UUNUW1eF0FBzZWkX68izG,5EE57hdVbfwSnLOywQYQrS,2022-09-11T23:50:07Z,31zzumwgpsmapcx7ndllbq6guraa,13
2UUNUW1eF0FBzZWkX68izG,50oR1Y7VhvgRn2Y8W7PV9A,2022-09-11T23:51:23Z,31zzumwgpsmapcx7ndllbq6guraa,14
2UUNUW1eF0FBzZWkX68izG,4XQnhcwRPRmGG4E6PakLMb,2022-09-11T23:52:49Z,31zzumwgpsmapcx7ndllbq6guraa,15
2UUNUW1eF0FBzZWkX68izG,0AbBDwYc7ID6M4OZ68EpUj,2022-09-12T00:04:10Z,31zzumwgpsmapcx7ndllbq6guraa,16
2UUNUW1eF0FBzZWkX68izG,13O36COxxWjcvc9r5Zsd1P,2022-09-12T00:04:42Z,31zzumwgpsmapcx7ndllbq6guraa,17
2UUNUW1eF0FBzZWkX68izG,39gaUtq2z4ejJbno7tWHbL,2025-02-06T21:26:19Z,31zzumwgpsmapcx7ndllbq6guraa,18
2UUNUW1eF0FBzZWkX68izG,7ARveOiD31w2Nq0n5FsSf8,2025-03-18T14:31:29Z,31zzumwgpsmapcx7ndllbq6guraa,19
2UUNUW1eF0FBzZWkX68izG,1BxfuPKGuaTgP7aM0Bbdwr,2025-05-21T22:07:52Z,31zzumwgpsmapcx7ndllbq6guraa,20
2UUNUW1eF0FBzZWkX68izG,20QI1DhCFz7pN8rATkNguv,2025-05-23T18:08:02Z,31zzumwgpsmapcx7ndllbq6guraa,21
2DRRLSx3bIDu0ng5vrlaJG,0uR59KmP59CM3OWZxXFQ0i,2022-09-08T13:17:11Z,31zzumwgpsmapcx7ndllbq6guraa,0
2DRRLSx3bIDu0ng5vrlaJG,1USo158Kncaxfyq9q306dn,2022-09-08T13:19:38Z,31zzumwgpsmapcx7ndllbq6guraa,1
2DRRLSx3bIDu0ng5vrlaJG,4crdHmkZQmNd2hucSIk7dA,2022-09-08T13:20:18Z,31zzumwgpsmapcx7ndllbq6guraa,2
2DRRLSx3bIDu0ng5vrlaJG,5unXHHcSQLGO19RuVqZB6d,2022-09-11T06:07:19Z,31zzumwgpsmapcx7ndllbq6guraa,3
2DRRLSx3bIDu0ng5vrlaJG,0ErT89RwJ9BlFpMAtNA9uX,2022-09-11T06:10:38Z,31zzumwgpsmapcx7ndllbq6guraa,4
2DRRLSx3bIDu0ng5vrlaJG,0BhCK7Z9fg4cqu0q0gNtjT,2022-09-11T06:13:02Z,31zzumwgpsmapcx7ndllbq6guraa,5
2DRRLSx3bIDu0ng5vrlaJG,2g6FVCA4sQZOv9LXIABsgr,2022-09-11T06:15:44Z,31zzumwgpsmapcx7ndllbq6guraa,6
2DRRLSx3bIDu0ng5vrlaJG,3ZsDHcegadVOnzQS00HNlD,2022-09-11T06:16:11Z,31zzumwgpsmapcx7ndllbq6guraa,7
2DRRLSx3bIDu0ng5vrlaJG,4YaKlkNVJNbrIqN82EKFsQ,2022-09-11T06:21:11Z,31zzumwgpsmapcx7ndllbq6guraa,8
2DRRLSx3bIDu0ng5vrlaJG,38Y7XLFpEWjtqRl5YCTzjc,2022-09-11T06:22:03Z,31zzumwgpsmapcx7ndllbq6guraa,9
2DRRLSx3bIDu0ng5vrlaJG,0V5cvmTKsYmF5FmGGEAfmS,2022-09-11T06:25:00Z,31zzumwgpsmapcx7ndllbq6guraa,10
2DRRLSx3bIDu0ng5vrlaJG,2IAR0DziHCjSu16gR4ihvy,2022-09-11T06:29:58Z,31zzumwgpsmapcx7ndllbq6guraa,11
2DRRLSx3bIDu0ng5vrlaJG,06vNG6CiV4k8oNA0wUUAO7,2022-09-11T15:41:15Z,31zzumwgpsmapcx7ndllbq6guraa,12
2DRRLSx3bIDu0ng5vrlaJG,5XsAal7ZcWg1I5T4NcRjkv,2022-09-11T15:42:59Z,31zzumwgpsmapcx7ndllbq6guraa,13
2DRRLSx3bIDu0ng5vrlaJG,51lPx6ZCSalL2kvSrDUyJc,2022-09-11T15:44:56Z,31zzumwgpsmapcx7ndllbq6guraa,14
2DRRLSx3bIDu0ng5vrlaJG,1g6aK9HzKkbbQ2RpqtUyvL,2022-09-11T15:49:54Z,31zzumwgpsmapcx7ndllbq6guraa,15
2DRRLSx3bIDu0ng5vrlaJG,3QjI2bkcaQalyd1k0qvmYj,2022-09-11T15:50:30Z,31zzumwgpsmapcx7ndllbq6guraa,16
2DRRLSx3bIDu0ng5vrlaJG,71WZ7yFuwxmQz5jJUpvkGv,2022-09-11T15:51:46Z,31zzumwgpsmapcx7ndllbq6guraa,17
2DRRLSx3bIDu0ng5vrlaJG,51Grh1RyUDcMBbpuyUIUHI,2022-09-11T15:55:15Z,31zzumwgpsmapcx7ndllbq6guraa,18
2DRRLSx3bIDu0ng5vrlaJG,6HIF87ra2YfFxwAziOFfgm,2022-09-11T15:56:47Z,31zzumwgpsmapcx7ndllbq6guraa,19
2DRRLSx3bIDu0ng5vrlaJG,3CB5Sjh1COpbybWyOYljzQ,2022-09-11T16:15:39Z,31zzumwgpsmapcx7ndllbq6guraa,20
2DRRLSx3bIDu0ng5vrlaJG,0hTCnNS4OR0ATtCWMMv62y,2022-09-11T16:21:01Z,31zzumwgpsmapcx7ndllbq6guraa,21
2DRRLSx3bIDu0ng5vrlaJG,6M2CiAIc4lZLAqJZPf690z,2022-09-11T16:22:42Z,31zzumwgpsmapcx7ndllbq6guraa,22
2DRRLSx3bIDu0ng5vrlaJG,5QnCtH7euld6R68UwcWrte,2022-09-11T16:28:33Z,31zzumwgpsmapcx7ndllbq6guraa,23
2DRRLSx3bIDu0ng5vrlaJG,5BqwC9kOBbqYkzdOKeXFFk,2022-09-29T03:28:20Z,31zzumwgpsmapcx7ndllbq6guraa,24
2DRRLSx3bIDu0ng5vrlaJG,1N9TrsZZXX8GQvOvD3PV23,2022-09-29T03:28:31Z,31zzumwgpsmapcx7ndllbq6guraa,25
2DRRLSx3bIDu0ng5vrlaJG,0P3w8D7NAJb5xYvSQBpHq9,2022-09-29T03:28:40Z,31zzumwgpsmapcx7ndllbq6guraa,26
2DRRLSx3bIDu0ng5vrlaJG,0WQMqX2VnP72HYJF5PANsO,2022-09-29T03:28:51Z,31zzumwgpsmapcx7ndllbq6guraa,27
2DRRLSx3bIDu0ng5vrlaJG,1J0NAemu98Bg5y39sqqfMI,2022-09-29T03:42:26Z,31zzumwgpsmapcx7ndllbq6guraa,28
2DRRLSx3bIDu0ng5vrlaJG,39Xa43tlDYeCoDvVyrjs3g,2022-10-18T13:18:52Z,31zzumwgpsmapcx7ndllbq6guraa,29
2DRRLSx3bIDu0ng5vrlaJG,3DROD9hDozmCSTKlKc5vaz,2022-10-20T14:44:05Z,31zzumwgpsmapcx7ndllbq6guraa,30
2DRRLSx3bIDu0ng5vrlaJG,1XrrNNZj3LVvFqvzpiArvm,2022-10-25T15:39:59Z,31zzumwgpsmapcx7ndllbq6guraa,31
2DRRLSx3bIDu0ng5vrlaJG,4ewazQLXFTDC8XvCbhvtXs,2022-11-04T14:22:32Z,31zzumwgpsmapcx7ndllbq6guraa,32
2DRRLSx3bIDu0ng5vrlaJG,2sf18cEv463VgqmdjDsFpw,2024-09-04T01:40:46Z,31zzumwgpsmapcx7ndllbq6guraa,33
2DRRLSx3bIDu0ng5vrlaJG,3jODPGYMRWqZkOM8eJkkHY,2024-11-01T01:52:46Z,31zzumwgpsmapcx7ndllbq6guraa,34
2DRRLSx3bIDu0ng5vrlaJG,43KeCeXumyh17tzKOtqbms,2024-11-01T21:49:05Z,31zzumwgpsmapcx7ndllbq6guraa,35
2DRRLSx3bIDu0ng5vrlaJG,4g0T8OLqb0aUp5x5GzeKR0,2024-11-03T02:35:03Z,31zzumwgpsmapcx7ndllbq6guraa,36
2DRRLSx3bIDu0ng5vrlaJG,7jXnAJUThDED9T0U6UODSS,2025-04-12T20:06:21Z,31zzumwgpsmapcx7ndllbq6guraa,37
2DRRLSx3bIDu0ng5vrlaJG,7Kqk5EpwqiukPkDutSFFZk,2025-09-08T21:48:46Z,31zzumwgpsmapcx7ndllbq6guraa,38
2DRRLSx3bIDu0ng5vrlaJG,5Wy03J4ACV1DR3L1J7tm51,2025-09-11T18:49:18Z,31zzumwgpsmapcx7ndllbq6guraa,39
2DRRLSx3bIDu0ng5vrlaJG,1cXgYnlavy0ZCPKVCSNL9K,2025-09-11T19:02:06Z,31zzumwgpsmapcx7ndllbq6guraa,40
2DRRLSx3bIDu0ng5vrlaJG,6c1mf1kaoeE36Dd2wUdX1P,2025-09-11T20:33:59Z,31zzumwgpsmapcx7ndllbq6guraa,41
2DRRLSx3bIDu0ng5vrlaJG,1PesmnG3M2KOjYnaq3ppR5,2025-09-11T20:36:38Z,31zzumwgpsmapcx7ndllbq6guraa,42
2DRRLSx3bIDu0ng5vrlaJG,1BVsz616b9m6aLyQjqqVfF,2025-09-13T18:45:16Z,31zzumwgpsmapcx7ndllbq6guraa,43
2DRRLSx3bIDu0ng5vrlaJG,1rifgFpmK9bHfofygkMedY,2025-09-13T18:48:21Z,31zzumwgpsmapcx7ndllbq6guraa,44
2DRRLSx3bIDu0ng5vrlaJG,27x2IrIGwr56QWkqJ4cu9I,2025-09-18T23:47:24Z,31zzumwgpsmapcx7ndllbq6guraa,45
2DRRLSx3bIDu0ng5vrlaJG,12Uv1vygmATfzGCXOK2rMx,2025-09-20T20:13:43Z,31zzumwgpsmapcx7ndllbq6guraa,46
2DRRLSx3bIDu0ng5vrlaJG,4WzOhDrORgwaE3JT4KGgCw,2025-09-21T20:43:26Z,31zzumwgpsmapcx7ndllbq6guraa,47
2DRRLSx3bIDu0ng5vrlaJG,3sdEeUTzVDWzr9N4ZsEYgN,2025-09-22T19:45:50Z,31zzumwgpsmapcx7ndllbq6guraa,48
2DRRLSx3bIDu0ng5vrlaJG,7kt0hSksRfaCy9km8y16hM,2025-09-23T16:51:17Z,31zzumwgpsmapcx7ndllbq6guraa,49
2DRRLSx3bIDu0ng5vrlaJG,71b70JTPydko3Nn7ZW3Ry3,2025-09-26T19:31:28Z,31zzumwgpsmapcx7ndllbq6guraa,50
0AHOn2GL4SWA5Eu5I5x1tq,4jwZZX8J8eN3w0FOK4FCI3,2022-06-11T00:34:23Z,31zzumwgpsmapcx7ndllbq6guraa,0
0AHOn2GL4SWA5Eu5I5x1tq,2uFaJJtFpPDc5Pa95XzTvg,2022-06-11T00:34:38Z,31zzumwgpsmapcx7ndllbq6guraa,1
0AHOn2GL4SWA5Eu5I5x1tq,7vQbuQcyTflfCIOu3Uzzya,2022-06-11T00:34:59Z,31zzumwgpsmapcx7ndllbq6guraa,2
0AHOn2GL4SWA5Eu5I5x1tq,2EjXfH91m7f8HiJN1yQg97,2022-06-11T00:35:10Z,31zzumwgpsmapcx7ndllbq6guraa,3
0AHOn2GL4SWA5Eu5I5x1tq,5hslUAKq9I9CG2bAulFkHN,2022-06-11T00:35:24Z,31zzumwgpsmapcx7ndllbq6guraa,4
0AHOn2GL4SWA5Eu5I5x1tq,4PS1e8f2LvuTFgUs1Cn3ON,2022-06-11T00:35:40Z,31zzumwgpsmapcx7ndllbq6guraa,5
0AHOn2GL4SWA5Eu5I5x1tq,7yx9MhMadpziMH2J76hzkW,2022-06-11T00:35:54Z,31zzumwgpsmapcx7ndllbq6guraa,6
0AHOn2GL4SWA5Eu5I5x1tq,77khP2fIVhSW23NwxrRluh,2022-06-11T00:36:15Z,31zzumwgpsmapcx7ndllbq6guraa,7
0AHOn2GL4SWA5Eu5I5x1tq,11Z7sdkpC5IaaydoIvDn74,2022-06-11T00:36:31Z,31zzumwgpsmapcx7ndllbq6guraa,8
0AHOn2GL4SWA5Eu5I5x1tq,5LWxcEIN6iK6YEzFDSI5kt,2022-06-11T00:37:19Z,31zzumwgpsmapcx7ndllbq6guraa,9
0AHOn2GL4SWA5Eu5I5x1tq,3dJ75W01AfDJ4C1EkpSwBE,2022-06-11T00:39:37Z,31zzumwgpsmapcx7ndllbq6guraa,10
0AHOn2GL4SWA5Eu5I5x1tq,1QLZKzC2pjP4ySf4ALrNhm,2022-06-11T00:41:11Z,31zzumwgpsmapcx7ndllbq6guraa,11
0AHOn2GL4SWA5Eu5I5x1tq,7MSYSOobsombc1mbDWFxtD,2022-06-11T00:41:27Z,31zzumwgpsmapcx7ndllbq6guraa,12
0AHOn2GL4SWA5Eu5I5x1tq,1OjmlSFuzYflWjSMTCyTJv,2022-06-11T00:41:46Z,31zzumwgpsmapcx7ndllbq6guraa,13
0AHOn2GL4SWA5Eu5I5x1tq,0lizgQ7Qw35od7CYaoMBZb,2022-06-11T00:42:09Z,31zzumwgpsmapcx7ndllbq6guraa,14
0AHOn2GL4SWA5Eu5I5x1tq,2FRnf9qhLbvw8fu4IBXx78,2022-06-11T00:42:35Z,31zzumwgpsmapcx7ndllbq6guraa,15
0AHOn2GL4SWA5Eu5I5x1tq,2Z0htiPiNK8IiJDYTD51hr,2022-06-11T00:43:04Z,31zzumwgpsmapcx7ndllbq6guraa,16
0AHOn2GL4SWA5Eu5I5x1tq,7uoFMmxln0GPXQ0AcCBXRq,2022-06-11T00:43:30Z,31zzumwgpsmapcx7ndllbq6guraa,17
0AHOn2GL4SWA5Eu5I5x1tq,0bYg9bo50gSsH3LtXe2SQn,2022-06-11T00:43:47Z,31zzumwgpsmapcx7ndllbq6guraa,18
0AHOn2GL4SWA5Eu5I5x1tq,1f2lkuLldqRzvaFjJdjGXX,2022-06-11T00:44:16Z,31zzumwgpsmapcx7ndllbq6guraa,19
0AHOn2GL4SWA5Eu5I5x1tq,0YWUHZPJVg4iujddsJDwhM,2022-06-11T00:44:44Z,31zzumwgpsmapcx7ndllbq6guraa,20
0AHOn2GL4SWA5Eu5I5x1tq,1vZKP9XURuqMp1SpXGnoyb,2022-06-11T00:45:15Z,31zzumwgpsmapcx7ndllbq6guraa,21
0AHOn2GL4SWA5Eu5I5x1tq,7xapw9Oy21WpfEcib2ErSA,2022-06-11T00:46:46Z,31zzumwgpsmapcx7ndllbq6guraa,22
0AHOn2GL4SWA5Eu5I5x1tq,1FlxqJmoZWS2q1uRlyZVur,2022-12-09T23:40:47Z,31zzumwgpsmapcx7ndllbq6guraa,23
0AHOn2GL4SWA5Eu5I5x1tq,3husKGiNUuxELHDo0LPa0D,2022-12-10T18:28:02Z,31zzumwgpsmapcx7ndllbq6guraa,24
0AHOn2GL4SWA5Eu5I5x1tq,1uUBDZrwiwMJ7NglXHV93B,2022-12-10T18:28:08Z,31zzumwgpsmapcx7ndllbq6guraa,25
0AHOn2GL4SWA5Eu5I5x1tq,6J5OEkLuDuZ6YYUzSOBIFs,2022-12-10T18:28:17Z,31zzumwgpsmapcx7ndllbq6guraa,26
0AHOn2GL4SWA5Eu5I5x1tq,04Du5TkwT3to8Tjp1cDrO1,2023-01-04T21:48:13Z,31zzumwgpsmapcx7ndllbq6guraa,27
1uOa1Om9zdr4Jm3oJ39ZIz,5E30LdtzQTGqRvNd7l6kG5,2022-06-02T23:36:22Z,q50mgpub6pstwwkx18evoalop,0
1uOa1Om9zdr4Jm3oJ39ZIz,5Tp4UJvnsF4Zd05k0zXUte,2022-06-02T23:37:56Z,q50mgpub6pstwwkx18evoalop,1
1uOa1Om9zdr4Jm3oJ39ZIz,60ynsPSSKe6O3sfwRnIBRf,2022-06-03T10:02:04Z,q50mgpub6pstwwkx18evoalop,2
1uOa1Om9zdr4Jm3oJ39ZIz,3LfHBTYZBTqmz43tvVXJBd,2022-06-03T10:04:17Z,q50mgpub6pstwwkx18evoalop,3
1uOa1Om9zdr4Jm3oJ39ZIz,6pdyvJQkPkwo2WoDH7tFHO,2022-06-03T10:05:29Z,q50mgpub6pstwwkx18evoalop,4
1uOa1Om9zdr4Jm3oJ39ZIz,7bbYT48HWWIbL3YKmtMNzn,2022-06-03T10:10:01Z,q50mgpub6pstwwkx18evoalop,5
1uOa1Om9zdr4Jm3oJ39ZIz,5MkBYMZGDWAKLHAJesZ6MJ,2022-06-03T10:12:08Z,q50mgpub6pstwwkx18evoalop,6
1uOa1Om9zdr4Jm3oJ39ZIz,6wcRv0UBvEH9NCIA3IVyQs,2022-06-03T10:15:16Z,q50mgpub6pstwwkx18evoalop,7
1uOa1Om9zdr4Jm3oJ39ZIz,6WXPFH6mNO8rvVnKeD5DX7,2022-06-03T10:19:27Z,q50mgpub6pstwwkx18evoalop,8
1uOa1Om9zdr4Jm3oJ39ZIz,2KtS31kaWNHs12Q5B43Ixh,2022-06-03T10:28:38Z,q50mgpub6pstwwkx18evoalop,9
1uOa1Om9zdr4Jm3oJ39ZIz,4HwDCXsMBC7SUdp2WT4MZP,2022-06-03T10:33:03Z,q50mgpub6pstwwkx18evoalop,10
1uOa1Om9zdr4Jm3oJ39ZIz,70M62MNyEskm9on3FiDubd,2022-06-03T18:07:37Z,q50mgpub6pstwwkx18evoalop,11
3AydmJRuGab9pR6vHjdp2M,3tEPgUhheyOJQhnH2IwQna,2022-05-19T04:56:23Z,31zzumwgpsmapcx7ndllbq6guraa,0
3AydmJRuGab9pR6vHjdp2M,1J0NAemu98Bg5y39sqqfMI,2022-05-19T04:56:28Z,31zzumwgpsmapcx7ndllbq6guraa,1
3AydmJRuGab9pR6vHjdp2M,3n6tXOLOrgMiXTAsTBNWDj,2022-05-19T04:57:16Z,31zzumwgpsmapcx7ndllbq6guraa,2
3AydmJRuGab9pR6vHjdp2M,2xms6U7ngGDBYJ4RnRTPyz,2022-05-19T04:58:47Z,31zzumwgpsmapcx7ndllbq6guraa,3
3AydmJRuGab9pR6vHjdp2M,1ukyvyEeSg1odSQvhlRAIU,2022-05-19T05:00:55Z,31zzumwgpsmapcx7ndllbq6guraa,4
3AydmJRuGab9pR6vHjdp2M,67QGnT1Vdfuuy4HkLTUVjj,2022-05-19T05:03:09Z,31zzumwgpsmapcx7ndllbq6guraa,5
3AydmJRuGab9pR6vHjdp2M,1BHLy0efFQ8FFxyxgJtTMf,2022-05-19T05:05:11Z,31zzumwgpsmapcx7ndllbq6guraa,6
3AydmJRuGab9pR6vHjdp2M,4s1oXSn2EMC5AplFtVp0pE,2022-05-19T05:08:53Z,31zzumwgpsmapcx7ndllbq6guraa,7
3AydmJRuGab9pR6vHjdp2M,7B6NK8YKCwPNqKnVTgMmtE,2022-05-19T05:10:51Z,31zzumwgpsmapcx7ndllbq6guraa,8
3AydmJRuGab9pR6vHjdp2M,4g0T8OLqb0aUp5x5GzeKR0,2022-05-19T05:12:17Z,31zzumwgpsmapcx7ndllbq6guraa,9
3AydmJRuGab9pR6vHjdp2M,71WZ7yFuwxmQz5jJUpvkGv,2022-05-19T05:14:42Z,31zzumwgpsmapcx7ndllbq6guraa,10
3AydmJRuGab9pR6vHjdp2M,3h34cQPPddk4x9cluPIAvv,2022-05-19T05:22:40Z,31zzumwgpsmapcx7ndllbq6guraa,11
3AydmJRuGab9pR6vHjdp2M,4gMPlHHAjOQnUrhsuqHivn,2022-05-19T05:24:33Z,31zzumwgpsmapcx7ndllbq6guraa,12
3AydmJRuGab9pR6vHjdp2M,2yynRDKYqTLVTcP7FqoyVE,2022-05-19T05:26:41Z,31zzumwgpsmapcx7ndllbq6guraa,13
3AydmJRuGab9pR6vHjdp2M,2jDnaEpQI6xjahWZzeVyaM,2022-05-19T05:29:10Z,31zzumwgpsmapcx7ndllbq6guraa,14
3AydmJRuGab9pR6vHjdp2M,08IZihEWj0fhBgF19DeZBj,2022-05-19T05:32:08Z,31zzumwgpsmapcx7ndllbq6guraa,15
3AydmJRuGab9pR6vHjdp2M,3Sc3OHN2EnhsKwzt7hMFKQ,2022-05-19T05:32:19Z,31zzumwgpsmapcx7ndllbq6guraa,16
3AydmJRuGab9pR6vHjdp2M,1ESAiAprh8HqVpTHUbBwtH,2022-05-19T05:36:32Z,31zzumwgpsmapcx7ndllbq6guraa,17
3AydmJRuGab9pR6vHjdp2M,3Q76ByNVIsVmS0ZRbLIPm7,2022-05-19T05:51:17Z,31zzumwgpsmapcx7ndllbq6guraa,18
3AydmJRuGab9pR6vHjdp2M,0pa0xqHquaWG17nDgTROhe,2022-05-19T05:55:03Z,31zzumwgpsmapcx7ndllbq6guraa,19
3AydmJRuGab9pR6vHjdp2M,2IAR0DziHCjSu16gR4ihvy,2022-05-19T06:02:59Z,31zzumwgpsmapcx7ndllbq6guraa,20
3AydmJRuGab9pR6vHjdp2M,3KfTWH9HcFZtOnZXaMT0Rt,2022-05-19T06:08:27Z,31zzumwgpsmapcx7ndllbq6guraa,21
3AydmJRuGab9pR6vHjdp2M,3WMnGDg6Wui7vwCXudhivB,2022-05-19T06:10:53Z,31zzumwgpsmapcx7ndllbq6guraa,22
3AydmJRuGab9pR6vHjdp2M,3mQwOUjViw1cpwUYugndPV,2022-05-24T05:02:38Z,31zzumwgpsmapcx7ndllbq6guraa,23
3AydmJRuGab9pR6vHjdp2M,19O5jZGsm4Wam9eACAz6nl,2022-05-25T20:31:29Z,31zzumwgpsmapcx7ndllbq6guraa,24
3AydmJRuGab9pR6vHjdp2M,0x436O5QnGWT1Gobmf4Cf3,2022-05-25T20:39:04Z,31zzumwgpsmapcx7ndllbq6guraa,25
3AydmJRuGab9pR6vHjdp2M,43E7jIDsvkif37IwYuYVyP,2022-05-25T20:42:57Z,31zzumwgpsmapcx7ndllbq6guraa,26
3AydmJRuGab9pR6vHjdp2M,0P3w8D7NAJb5xYvSQBpHq9,2022-05-25T20:43:41Z,31zzumwgpsmapcx7ndllbq6guraa,27
3AydmJRuGab9pR6vHjdp2M,1N9TrsZZXX8GQvOvD3PV23,2022-05-25T20:44:03Z,31zzumwgpsmapcx7ndllbq6guraa,28
3AydmJRuGab9pR6vHjdp2M,0wFmsCfngJ0OgfFWdvO8Ml,2022-05-25T20:51:32Z,31zzumwgpsmapcx7ndllbq6guraa,29
3AydmJRuGab9pR6vHjdp2M,0WQMqX2VnP72HYJF5PANsO,2022-05-25T20:53:30Z,31zzumwgpsmapcx7ndllbq6guraa,30
3AydmJRuGab9pR6vHjdp2M,3HAsf0o0TJY9WL4zKCzE3u,2022-05-28T05:49:08Z,31zzumwgpsmapcx7ndllbq6guraa,31
3AydmJRuGab9pR6vHjdp2M,3QjI2bkcaQalyd1k0qvmYj,2022-05-28T05:58:34Z,31zzumwgpsmapcx7ndllbq6guraa,32
3AydmJRuGab9pR6vHjdp2M,1g6aK9HzKkbbQ2RpqtUyvL,2022-05-28T06:09:17Z,31zzumwgpsmapcx7ndllbq6guraa,33
3AydmJRuGab9pR6vHjdp2M,3lAdYuIqkk9T6I9Yc7yw4L,2022-05-28T06:22:23Z,31zzumwgpsmapcx7ndllbq6guraa,34
3AydmJRuGab9pR6vHjdp2M,2At18rPHOuTEjGEppwGV0A,2022-06-09T00:54:04Z,31zzumwgpsmapcx7ndllbq6guraa,35
3AydmJRuGab9pR6vHjdp2M,37uO8GRi60s0eM2Pma0Ixx,2022-07-04T08:25:29Z,31zzumwgpsmapcx7ndllbq6guraa,36
3AydmJRuGab9pR6vHjdp2M,3DROD9hDozmCSTKlKc5vaz,2022-10-20T14:49:58Z,31zzumwgpsmapcx7ndllbq6guraa,37
3AydmJRuGab9pR6vHjdp2M,4t1DWpmfKVCv4ValVniwfc,2025-02-28T03:52:55Z,31zzumwgpsmapcx7ndllbq6guraa,38
72uzmXra97yeAZiIK7dwa7,25aue9bcwAZ2ShBv9LY3Zj,2022-03-07T23:49:44Z,q50mgpub6pstwwkx18evoalop,0
72uzmXra97yeAZiIK7dwa7,0y0xWEzCRBY47WRw67r4Ab,2022-03-07T23:52:24Z,q50mgpub6pstwwkx18evoalop,1
72uzmXra97yeAZiIK7dwa7,0gohFCf3LlExQw41BfajZg,2022-03-07T23:52:27Z,q50mgpub6pstwwkx18evoalop,2
72uzmXra97yeAZiIK7dwa7,13O36COxxWjcvc9r5Zsd1P,2022-03-07T23:52:30Z,q50mgpub6pstwwkx18evoalop,3
72uzmXra97yeAZiIK7dwa7,5i9Ljgz0KVvQx8sd7GHPlh,2022-03-07T23:54:55Z,q50mgpub6pstwwkx18evoalop,4
72uzmXra97yeAZiIK7dwa7,3PQCuNIPCrULJGuQHeci88,2022-03-07T23:58:05Z,q50mgpub6pstwwkx18evoalop,5
72uzmXra97yeAZiIK7dwa7,0VF7YLIxSQKyNiFL3X6MmN,2022-03-08T00:13:01Z,q50mgpub6pstwwkx18evoalop,6
72uzmXra97yeAZiIK7dwa7,0WVOBPRjZ4AAYjZDAw36mE,2022-03-08T00:15:39Z,q50mgpub6pstwwkx18evoalop,7
72uzmXra97yeAZiIK7dwa7,0dqJjKKxuKD5Dt3QH2n4CG,2022-03-08T01:13:15Z,q50mgpub6pstwwkx18evoalop,8
72uzmXra97yeAZiIK7dwa7,1gugDOSMREb34Xo0c1PlxM,2022-03-08T01:58:37Z,q50mgpub6pstwwkx18evoalop,9
72uzmXra97yeAZiIK7dwa7,0ZwS03v4euiMztP9xDLgoO,2022-03-08T02:15:44Z,q50mgpub6pstwwkx18evoalop,10
72uzmXra97yeAZiIK7dwa7,755inykyaG4w22GWAsA3MX,2022-03-08T05:04:12Z,q50mgpub6pstwwkx18evoalop,11
72uzmXra97yeAZiIK7dwa7,5IiyNabirSbtBt7mGwb9n3,2022-03-20T15:33:50Z,q50mgpub6pstwwkx18evoalop,12
72uzmXra97yeAZiIK7dwa7,0ErT89RwJ9BlFpMAtNA9uX,2022-03-21T04:30:52Z,q50mgpub6pstwwkx18evoalop,13
72uzmXra97yeAZiIK7dwa7,7BMWunZCzpUdESUgWSuNRa,2022-03-21T05:30:26Z,q50mgpub6pstwwkx18evoalop,14
72uzmXra97yeAZiIK7dwa7,7e8utCy2JlSB8dRHKi49xM,2022-03-21T15:11:05Z,q50mgpub6pstwwkx18evoalop,15
72uzmXra97yeAZiIK7dwa7,6vFsBXYczYsP0H3lgunZOm,2022-03-22T02:02:10Z,q50mgpub6pstwwkx18evoalop,16
72uzmXra97yeAZiIK7dwa7,0vu3XfUitueA4S7l93kNU3,2022-03-22T02:04:11Z,q50mgpub6pstwwkx18evoalop,17
72uzmXra97yeAZiIK7dwa7,77G0k1La0c5Dw8bAFANcyp,2022-03-22T13:44:30Z,q50mgpub6pstwwkx18evoalop,18
72uzmXra97yeAZiIK7dwa7,0TpJF2IIk9idRMJuSSXMLh,2022-03-22T21:11:13Z,q50mgpub6pstwwkx18evoalop,19
72uzmXra97yeAZiIK7dwa7,07tbYac108weqzeP7Bhwon,2022-03-22T22:06:11Z,q50mgpub6pstwwkx18evoalop,20
72uzmXra97yeAZiIK7dwa7,5WHgAhE3VlGpBiNKUWEyDY,2022-03-23T13:58:32Z,q50mgpub6pstwwkx18evoalop,21
72uzmXra97yeAZiIK7dwa7,2x1m4fgkmhqudtU7Bsq1Ah,2022-03-23T23:12:19Z,q50mgpub6pstwwkx18evoalop,22
72uzmXra97yeAZiIK7dwa7,4nr88Lwd89TGdccRQEWfsS,2022-03-24T06:14:30Z,q50mgpub6pstwwkx18evoalop,23
72uzmXra97yeAZiIK7dwa7,6Evar1CRdwUki0DB37px1I,2023-03-24T15:22:34Z,q50mgpub6pstwwkx18evoalop,24
4q39nT9AWZ0u5iSXWFcrMo,2WfaOiMkCvy7F5fcp2zZ8L,2022-04-16T16:32:18Z,31zzumwgpsmapcx7ndllbq6guraa,0
4q39nT9AWZ0u5iSXWFcrMo,6ft9PAgNOjmZ2kFVP7LGqb,2022-04-16T16:32:46Z,31zzumwgpsmapcx7ndllbq6guraa,1
4q39nT9AWZ0u5iSXWFcrMo,0GjEhVFGZW8afUYGChu3Rr,2022-04-16T16:33:19Z,31zzumwgpsmapcx7ndllbq6guraa,2
4q39nT9AWZ0u5iSXWFcrMo,2TxCwUlqaOH3TIyJqGgR91,2022-04-16T16:33:44Z,31zzumwgpsmapcx7ndllbq6guraa,3
4q39nT9AWZ0u5iSXWFcrMo,3wM6RTAnF7IQpMFd7b9ZcL,2022-04-16T16:34:18Z,31zzumwgpsmapcx7ndllbq6guraa,4
4q39nT9AWZ0u5iSXWFcrMo,5zA8vzDGqPl2AzZkEYQGKh,2022-04-16T16:34:54Z,31zzumwgpsmapcx7ndllbq6guraa,5
4q39nT9AWZ0u5iSXWFcrMo,3pf96IFggfQuT6Gafqx2rt,2022-04-16T16:35:22Z,31zzumwgpsmapcx7ndllbq6guraa,6
4q39nT9AWZ0u5iSXWFcrMo,291RmMazWAmDitFuD6NJCv,2022-04-16T16:36:01Z,31zzumwgpsmapcx7ndllbq6guraa,7
4q39nT9AWZ0u5iSXWFcrMo,7hQJA50XrCWABAu5v6QZ4i,2022-04-16T16:36:11Z,31zzumwgpsmapcx7ndllbq6guraa,8
4q39nT9AWZ0u5iSXWFcrMo,4KFM3A5QF2IMcc6nHsu3Wp,2022-04-16T16:37:11Z,31zzumwgpsmapcx7ndllbq6guraa,9
4q39nT9AWZ0u5iSXWFcrMo,1lx8ddGT5wCD6W2xmLeRKG,2022-04-16T16:38:02Z,31zzumwgpsmapcx7ndllbq6guraa,10
4q39nT9AWZ0u5iSXWFcrMo,4BNhasx75KbS10jHq3VZTz,2022-04-16T16:38:28Z,31zzumwgpsmapcx7ndllbq6guraa,11
4q39nT9AWZ0u5iSXWFcrMo,2grjqo0Frpf2okIBiifQKs,2022-04-16T16:38:34Z,31zzumwgpsmapcx7ndllbq6guraa,12
4q39nT9AWZ0u5iSXWFcrMo,3Fzlg5r1IjhLk2qRw667od,2022-04-16T16:38:59Z,31zzumwgpsmapcx7ndllbq6guraa,13
4q39nT9AWZ0u5iSXWFcrMo,1gci2QBGH5nzPWePv6ATom,2022-04-16T16:39:20Z,31zzumwgpsmapcx7ndllbq6guraa,14
4q39nT9AWZ0u5iSXWFcrMo,1ko2lVN0vKGUl9zrU0qSlT,2022-04-16T16:39:49Z,31zzumwgpsmapcx7ndllbq6guraa,15
4q39nT9AWZ0u5iSXWFcrMo,1oOnOS4xNZOMpCT0lKTNo2,2022-04-16T16:40:20Z,31zzumwgpsmapcx7ndllbq6guraa,16
4q39nT9AWZ0u5iSXWFcrMo,6yjKlmm7vOszkXEUku1EM1,2022-04-16T16:40:37Z,31zzumwgpsmapcx7ndllbq6guraa,17
4q39nT9AWZ0u5iSXWFcrMo,6vuEG9sZtC4W2zT64f7zLF,2022-04-16T16:41:15Z,31zzumwgpsmapcx7ndllbq6guraa,18
4q39nT9AWZ0u5iSXWFcrMo,70C4NyhjD5OZUMzvWZ3njJ,2022-04-16T16:42:20Z,31zzumwgpsmapcx7ndllbq6guraa,19
4q39nT9AWZ0u5iSXWFcrMo,2RlgNHKcydI9sayD2Df2xp,2022-04-16T16:43:47Z,31zzumwgpsmapcx7ndllbq6guraa,20
4q39nT9AWZ0u5iSXWFcrMo,5LxvwujISqiB8vpRYv887S,2022-04-16T16:44:10Z,31zzumwgpsmapcx7ndllbq6guraa,21
4q39nT9AWZ0u5iSXWFcrMo,4fXGWiVhlOLdhwRDP6pIFG,2022-04-16T16:44:56Z,31zzumwgpsmapcx7ndllbq6guraa,22
4q39nT9AWZ0u5iSXWFcrMo,7qUTZEf6bgiApJEXpMAH5y,2022-04-16T16:45:29Z,31zzumwgpsmapcx7ndllbq6guraa,23
4q39nT9AWZ0u5iSXWFcrMo,6ztstiyZL6FXzh4aG46ZPD,2022-04-16T16:45:56Z,31zzumwgpsmapcx7ndllbq6guraa,24
4q39nT9AWZ0u5iSXWFcrMo,0OYusiiiDYU33GJYsMzUc0,2022-04-16T16:46:59Z,31zzumwgpsmapcx7ndllbq6guraa,25
4q39nT9AWZ0u5iSXWFcrMo,50q2aUjWoTn6CJIfSPRJQA,2022-04-16T16:51:32Z,31zzumwgpsmapcx7ndllbq6guraa,26
4q39nT9AWZ0u5iSXWFcrMo,561F1zqRwGPCTMRsLsXVtL,2022-04-24T06:22:10Z,31zzumwgpsmapcx7ndllbq6guraa,27
4q39nT9AWZ0u5iSXWFcrMo,7GVUmCP00eSsqc4tzj1sDD,2022-04-24T06:27:50Z,31zzumwgpsmapcx7ndllbq6guraa,28
4q39nT9AWZ0u5iSXWFcrMo,28qG0oRPrJZFnbJwfJc9BN,2022-05-14T07:44:39Z,31zzumwgpsmapcx7ndllbq6guraa,29
4q39nT9AWZ0u5iSXWFcrMo,5I9sHwLDX28tLtzVgKLtpr,2022-05-28T05:34:37Z,31zzumwgpsmapcx7ndllbq6guraa,30
4q39nT9AWZ0u5iSXWFcrMo,3NlLmKBJozwoi0k03Feb1N,2022-05-28T05:37:45Z,31zzumwgpsmapcx7ndllbq6guraa,31
4q39nT9AWZ0u5iSXWFcrMo,1h2xVEoJORqrg71HocgqXd,2022-05-28T05:37:57Z,31zzumwgpsmapcx7ndllbq6guraa,32
4q39nT9AWZ0u5iSXWFcrMo,0J2p4KYdr6Mg4ET6JPlbe1,2023-02-02T00:09:14Z,31zzumwgpsmapcx7ndllbq6guraa,33
4q39nT9AWZ0u5iSXWFcrMo,19Ym5Sg0YyOCa6ao21bdoG,2025-09-15T15:09:33Z,31zzumwgpsmapcx7ndllbq6guraa,34
4q39nT9AWZ0u5iSXWFcrMo,7aQjPecQdIuNd1sz3KCDhD,2025-09-15T15:27:14Z,31zzumwgpsmapcx7ndllbq6guraa,35
4q39nT9AWZ0u5iSXWFcrMo,1fDsrQ23eTAVFElUMaf38X,2025-09-15T15:33:59Z,31zzumwgpsmapcx7ndllbq6guraa,36
4q39nT9AWZ0u5iSXWFcrMo,1XwAKjAZ1xDZOcuyZoqce4,2025-09-15T15:41:27Z,31zzumwgpsmapcx7ndllbq6guraa,37
4q39nT9AWZ0u5iSXWFcrMo,52HAHV1j93s5B8GoTNI7DJ,2025-09-16T21:35:03Z,31zzumwgpsmapcx7ndllbq6guraa,38
4q39nT9AWZ0u5iSXWFcrMo,27hhIs2fp6w06N5zx4Eaa5,2025-09-16T21:41:44Z,31zzumwgpsmapcx7ndllbq6guraa,39
4q39nT9AWZ0u5iSXWFcrMo,09x9v1o51dbqi5H0u7UGfp,2025-09-16T21:46:41Z,31zzumwgpsmapcx7ndllbq6guraa,40
4q39nT9AWZ0u5iSXWFcrMo,1tfZtA15BfJHQTUy3dqTKC,2025-10-13T17:55:21Z,31zzumwgpsmapcx7ndllbq6guraa,41
6SbXAHUgCQqGOddmG6bEN2,0HqZX76SFLDz2aW8aiqi7G,2022-04-16T15:51:58Z,31zzumwgpsmapcx7ndllbq6guraa,0
6SbXAHUgCQqGOddmG6bEN2,1HhNoOuqm1a5MXYEgAFl8o,2022-04-16T15:52:25Z,31zzumwgpsmapcx7ndllbq6guraa,1
6SbXAHUgCQqGOddmG6bEN2,3a6FcTyvSf0ED3VXeH3PJ5,2022-04-16T15:58:09Z,31zzumwgpsmapcx7ndllbq6guraa,2
6SbXAHUgCQqGOddmG6bEN2,7rXcCpIAoOUCydkVDMcoPV,2022-04-16T15:58:45Z,31zzumwgpsmapcx7ndllbq6guraa,3
6SbXAHUgCQqGOddmG6bEN2,6sy3LkhNFjJWlaeSMNwQ62,2022-04-16T16:00:08Z,31zzumwgpsmapcx7ndllbq6guraa,4
6SbXAHUgCQqGOddmG6bEN2,69uxyAqqPIsUyTO8txoP2M,2022-04-16T16:00:46Z,31zzumwgpsmapcx7ndllbq6guraa,5
6SbXAHUgCQqGOddmG6bEN2,2fmlkobTesiSyyzVYa6nkX,2022-04-16T16:01:37Z,31zzumwgpsmapcx7ndllbq6guraa,6
6SbXAHUgCQqGOddmG6bEN2,5tRqpgla6zqUn78qx2nkOy,2022-04-16T16:02:24Z,31zzumwgpsmapcx7ndllbq6guraa,7
6SbXAHUgCQqGOddmG6bEN2,0vu3XfUitueA4S7l93kNU3,2022-04-16T16:05:07Z,31zzumwgpsmapcx7ndllbq6guraa,8
6SbXAHUgCQqGOddmG6bEN2,77G0k1La0c5Dw8bAFANcyp,2022-04-16T16:05:14Z,31zzumwgpsmapcx7ndllbq6guraa,9
6SbXAHUgCQqGOddmG6bEN2,05Udoqtxi9KgqSMnV5OPpQ,2022-04-16T16:07:33Z,31zzumwgpsmapcx7ndllbq6guraa,10
6SbXAHUgCQqGOddmG6bEN2,4g6XOg9rvB55GCTJcYchOG,2022-04-16T16:08:40Z,31zzumwgpsmapcx7ndllbq6guraa,11
6SbXAHUgCQqGOddmG6bEN2,1LM6t24SjQr2bJHqeGIR4U,2022-04-16T16:11:46Z,31zzumwgpsmapcx7ndllbq6guraa,12
6SbXAHUgCQqGOddmG6bEN2,3AJwUDP919kvQ9QcozQPxg,2022-04-16T16:14:48Z,31zzumwgpsmapcx7ndllbq6guraa,13
6SbXAHUgCQqGOddmG6bEN2,4RwEG4lqHSk8SD1o29usi1,2022-04-16T16:16:53Z,31zzumwgpsmapcx7ndllbq6guraa,14
6SbXAHUgCQqGOddmG6bEN2,3NxuezMdSLgt4OwHzBoUhL,2022-04-16T16:18:00Z,31zzumwgpsmapcx7ndllbq6guraa,15
6SbXAHUgCQqGOddmG6bEN2,19ty9lurAuEylMhFGQqr8O,2022-04-16T16:20:48Z,31zzumwgpsmapcx7ndllbq6guraa,16
6SbXAHUgCQqGOddmG6bEN2,61Ivix5DTnDPVjp1dgLyov,2022-04-16T16:25:51Z,31zzumwgpsmapcx7ndllbq6guraa,17
6SbXAHUgCQqGOddmG6bEN2,2YWAm1L5MqkX0S9lXWiHp5,2022-04-16T16:27:03Z,31zzumwgpsmapcx7ndllbq6guraa,18
6SbXAHUgCQqGOddmG6bEN2,64TjzuxG5PJ7payjphrOC0,2022-04-16T16:29:31Z,31zzumwgpsmapcx7ndllbq6guraa,19
6SbXAHUgCQqGOddmG6bEN2,7AoK7YuZ5sQYtPofTFElIE,2022-04-16T16:30:20Z,31zzumwgpsmapcx7ndllbq6guraa,20
6SbXAHUgCQqGOddmG6bEN2,6DA7kCWYMggJjqPM84V2Ng,2022-04-19T02:17:17Z,31zzumwgpsmapcx7ndllbq6guraa,21
6SbXAHUgCQqGOddmG6bEN2,2oBMZYteeO8DyXV9gDx6Za,2022-04-23T20:24:54Z,31zzumwgpsmapcx7ndllbq6guraa,22
6SbXAHUgCQqGOddmG6bEN2,70M62MNyEskm9on3FiDubd,2022-04-26T21:48:34Z,31zzumwgpsmapcx7ndllbq6guraa,23
6SbXAHUgCQqGOddmG6bEN2,12GJcC8SdDYpkbHvFrgp1w,2022-05-01T15:42:57Z,31zzumwgpsmapcx7ndllbq6guraa,24
6SbXAHUgCQqGOddmG6bEN2,0FG9wWkFFlCLzSEfmtWqtQ,2022-05-01T15:43:27Z,31zzumwgpsmapcx7ndllbq6guraa,25
6SbXAHUgCQqGOddmG6bEN2,5TclgAYTVdTRLnHvTUhyIP,2022-05-04T17:33:47Z,31zzumwgpsmapcx7ndllbq6guraa,26
6SbXAHUgCQqGOddmG6bEN2,3XFY3bKOme4E3QhJqHS1Pi,2022-05-09T18:37:19Z,31zzumwgpsmapcx7ndllbq6guraa,27
6SbXAHUgCQqGOddmG6bEN2,3d3ELsqKlQ7WA0a10Isu3l,2022-05-14T07:16:10Z,31zzumwgpsmapcx7ndllbq6guraa,28
6SbXAHUgCQqGOddmG6bEN2,6L2TOTO0JjlVuKBnIuWcVY,2022-05-28T00:30:41Z,31zzumwgpsmapcx7ndllbq6guraa,29
6SbXAHUgCQqGOddmG6bEN2,4KU23Zay3Q1W0c0yJCNczH,2022-05-28T05:26:07Z,31zzumwgpsmapcx7ndllbq6guraa,30
6SbXAHUgCQqGOddmG6bEN2,1WCOna34eEMPgjfOOZkGQc,2022-05-29T23:05:50Z,31zzumwgpsmapcx7ndllbq6guraa,31
6SbXAHUgCQqGOddmG6bEN2,39LLxExYz6ewLAcYrzQQyP,2022-06-02T17:44:44Z,31zzumwgpsmapcx7ndllbq6guraa,32
6SbXAHUgCQqGOddmG6bEN2,32OlwWuMpZ6b0aN2RZOeMS,2022-06-02T17:55:06Z,31zzumwgpsmapcx7ndllbq6guraa,33
6SbXAHUgCQqGOddmG6bEN2,1YDRBnkxAr2AQjSbC3DKsL,2022-06-03T03:56:21Z,31zzumwgpsmapcx7ndllbq6guraa,34
6SbXAHUgCQqGOddmG6bEN2,5cF0dROlMOK5uNZtivgu50,2022-06-03T17:43:32Z,31zzumwgpsmapcx7ndllbq6guraa,35
6SbXAHUgCQqGOddmG6bEN2,5EIkdrmuu2xkoQWOWjoeFY,2022-06-03T17:46:15Z,31zzumwgpsmapcx7ndllbq6guraa,36
6SbXAHUgCQqGOddmG6bEN2,6b8Be6ljOzmkOmFslEb23P,2022-06-04T06:51:57Z,31zzumwgpsmapcx7ndllbq6guraa,37
6SbXAHUgCQqGOddmG6bEN2,3NOFUE0bU7i2H7vaa79Obl,2022-06-05T17:07:38Z,31zzumwgpsmapcx7ndllbq6guraa,38
6SbXAHUgCQqGOddmG6bEN2,3sNpAUnxxQWeP4gnSdJXg6,2022-06-13T16:18:46Z,31zzumwgpsmapcx7ndllbq6guraa,39
6SbXAHUgCQqGOddmG6bEN2,5w7LSuYZNCeCpi2Ytisska,2022-06-13T17:36:12Z,31zzumwgpsmapcx7ndllbq6guraa,40
6SbXAHUgCQqGOddmG6bEN2,3osNMn42bJn4mzq76XdUEn,2022-06-16T04:18:40Z,31zzumwgpsmapcx7ndllbq6guraa,41
6SbXAHUgCQqGOddmG6bEN2,1CyFR19z1bPumBPvpHLP5j,2022-06-22T07:25:43Z,31zzumwgpsmapcx7ndllbq6guraa,42
6SbXAHUgCQqGOddmG6bEN2,4zHvWi4iFAG45lgiN7smLC,2022-06-26T04:32:44Z,31zzumwgpsmapcx7ndllbq6guraa,43
6SbXAHUgCQqGOddmG6bEN2,7e8utCy2JlSB8dRHKi49xM,2022-06-28T18:33:09Z,31zzumwgpsmapcx7ndllbq6guraa,44
6SbXAHUgCQqGOddmG6bEN2,4HFi9NP66qdNOsgPGLqrm7,2022-07-04T08:29:34Z,31zzumwgpsmapcx7ndllbq6guraa,45
6SbXAHUgCQqGOddmG6bEN2,5F1TZVziCp4TuXIMCsIxwM,2022-07-04T08:31:51Z,31zzumwgpsmapcx7ndllbq6guraa,46
6SbXAHUgCQqGOddmG6bEN2,4kmp56RAtXEzHOANS0BaLX,2022-08-16T04:55:12Z,31zzumwgpsmapcx7ndllbq6guraa,47
6SbXAHUgCQqGOddmG6bEN2,0k664IuFwVP557Gnx7RhIl,2022-08-27T00:46:47Z,31zzumwgpsmapcx7ndllbq6guraa,48
6SbXAHUgCQqGOddmG6bEN2,50u2y4zgROMZq2db8Qx94B,2022-09-11T22:37:59Z,31zzumwgpsmapcx7ndllbq6guraa,49
6SbXAHUgCQqGOddmG6bEN2,6kex4EBAj0WHXDKZMEJaaF,2022-09-20T04:10:08Z,31zzumwgpsmapcx7ndllbq6guraa,50
6SbXAHUgCQqGOddmG6bEN2,1rRwwqteLePmi70PGaC8ah,2022-10-08T05:43:09Z,31zzumwgpsmapcx7ndllbq6guraa,51
6SbXAHUgCQqGOddmG6bEN2,2ajUl8lBLAXOXNpG4NEPMz,2022-11-20T19:33:34Z,31zzumwgpsmapcx7ndllbq6guraa,52
6SbXAHUgCQqGOddmG6bEN2,7awYNOO9zDB9cCPnSSP4mA,2022-11-26T21:48:07Z,31zzumwgpsmapcx7ndllbq6guraa,53
6SbXAHUgCQqGOddmG6bEN2,6UmRhJatcth1KF76r5ucvZ,2022-11-26T21:57:55Z,31zzumwgpsmapcx7ndllbq6guraa,54
6SbXAHUgCQqGOddmG6bEN2,28C4nmrd7BTu0XbOmaTHZr,2022-12-02T06:01:00Z,31zzumwgpsmapcx7ndllbq6guraa,55
6SbXAHUgCQqGOddmG6bEN2,1YlulsUKDduOmC7WxvXYPW,2022-12-06T16:28:31Z,31zzumwgpsmapcx7ndllbq6guraa,56
6SbXAHUgCQqGOddmG6bEN2,0ZwS03v4euiMztP9xDLgoO,2023-02-26T17:15:55Z,31zzumwgpsmapcx7ndllbq6guraa,57
6SbXAHUgCQqGOddmG6bEN2,1CPZ5BxNNd0n0nF4Orb9JS,2025-07-15T05:04:18Z,31zzumwgpsmapcx7ndllbq6guraa,58
6SbXAHUgCQqGOddmG6bEN2,3RXUgPNIbUgFxsDWuBQEt6,2025-07-15T05:04:46Z,31zzumwgpsmapcx7ndllbq6guraa,59
1gs6EHUidD5KvCA5BBCLqt,3ziJFd6JeioC8Xfct0UXpJ,2022-03-31T23:37:11Z,31zzumwgpsmapcx7ndllbq6guraa,0
1gs6EHUidD5KvCA5BBCLqt,2b3dCSpRDRCMZUyZBw10dv,2022-03-31T23:37:33Z,31zzumwgpsmapcx7ndllbq6guraa,1
1gs6EHUidD5KvCA5BBCLqt,14Yf053bZx0OYkO2L0zzrO,2022-03-31T23:38:01Z,31zzumwgpsmapcx7ndllbq6guraa,2
1gs6EHUidD5KvCA5BBCLqt,2IAR0DziHCjSu16gR4ihvy,2022-03-31T23:38:15Z,31zzumwgpsmapcx7ndllbq6guraa,3
1gs6EHUidD5KvCA5BBCLqt,3uA8SjMyDtwtt0jLPMQbVD,2022-03-31T23:38:28Z,31zzumwgpsmapcx7ndllbq6guraa,4
1gs6EHUidD5KvCA5BBCLqt,7LN1f9jAIu7yxBzsLMN7RB,2022-03-31T23:38:37Z,31zzumwgpsmapcx7ndllbq6guraa,5
1gs6EHUidD5KvCA5BBCLqt,6DA7kCWYMggJjqPM84V2Ng,2022-03-31T23:38:57Z,31zzumwgpsmapcx7ndllbq6guraa,6
1gs6EHUidD5KvCA5BBCLqt,1Bb6jVrsg8cXxMCBxIWJUn,2022-03-31T23:39:17Z,31zzumwgpsmapcx7ndllbq6guraa,7
1gs6EHUidD5KvCA5BBCLqt,7ruHWh1EsTcTbs6ZZ4DScg,2022-03-31T23:39:41Z,31zzumwgpsmapcx7ndllbq6guraa,8
1gs6EHUidD5KvCA5BBCLqt,2Pi0rY9FcbaecqO0AyhXbu,2022-03-31T23:41:19Z,31zzumwgpsmapcx7ndllbq6guraa,9
1gs6EHUidD5KvCA5BBCLqt,3pfbQmD5xGH9Tcc7GqGfSL,2022-03-31T23:41:58Z,31zzumwgpsmapcx7ndllbq6guraa,10
1gs6EHUidD5KvCA5BBCLqt,2dekdGGBynn4GIAJE1sIa5,2022-03-31T23:43:09Z,31zzumwgpsmapcx7ndllbq6guraa,11
1gs6EHUidD5KvCA5BBCLqt,52XDumqYDUXX16R7FM5fpV,2022-03-31T23:50:37Z,31zzumwgpsmapcx7ndllbq6guraa,12
1gs6EHUidD5KvCA5BBCLqt,2jPgfwVXOKnUl2QLQsnIAT,2022-03-31T23:51:24Z,31zzumwgpsmapcx7ndllbq6guraa,13
1gs6EHUidD5KvCA5BBCLqt,1YmTsBtaz3K6sazwsXkYWW,2022-03-31T23:53:18Z,31zzumwgpsmapcx7ndllbq6guraa,14
1gs6EHUidD5KvCA5BBCLqt,00jqmEUSISjkugkuFxGiTo,2022-03-31T23:54:16Z,31zzumwgpsmapcx7ndllbq6guraa,15
1gs6EHUidD5KvCA5BBCLqt,0RwwHF4WEvwT8l8yLoK6ZD,2022-03-31T23:58:51Z,31zzumwgpsmapcx7ndllbq6guraa,16
1gs6EHUidD5KvCA5BBCLqt,4YaKlkNVJNbrIqN82EKFsQ,2022-04-01T00:03:31Z,31zzumwgpsmapcx7ndllbq6guraa,17
1gs6EHUidD5KvCA5BBCLqt,7bMjFDtmO6STzmweIR3cfU,2022-04-02T08:07:10Z,31zzumwgpsmapcx7ndllbq6guraa,18
1gs6EHUidD5KvCA5BBCLqt,6zL1UA9eskZ83MLUbuMI70,2022-04-05T04:48:33Z,31zzumwgpsmapcx7ndllbq6guraa,19
1gs6EHUidD5KvCA5BBCLqt,7tIOwGFRTM08JdAeKOELGp,2022-04-05T04:52:14Z,31zzumwgpsmapcx7ndllbq6guraa,20
1gs6EHUidD5KvCA5BBCLqt,51Grh1RyUDcMBbpuyUIUHI,2022-04-11T04:13:15Z,31zzumwgpsmapcx7ndllbq6guraa,21
1gs6EHUidD5KvCA5BBCLqt,4NsuWqIRZffOeT7siKf5kw,2022-04-11T04:22:38Z,31zzumwgpsmapcx7ndllbq6guraa,22
1gs6EHUidD5KvCA5BBCLqt,1cpANF6zMBoFoxkoIjZHjv,2022-04-11T06:56:37Z,31zzumwgpsmapcx7ndllbq6guraa,23
1gs6EHUidD5KvCA5BBCLqt,3iE2vqi88Jc7ILoKHnRSGs,2022-04-11T07:16:30Z,31zzumwgpsmapcx7ndllbq6guraa,24
1gs6EHUidD5KvCA5BBCLqt,6qpEu4YIoPzFjhXq8WTXCC,2022-04-27T20:58:54Z,31zzumwgpsmapcx7ndllbq6guraa,25
1gs6EHUidD5KvCA5BBCLqt,0uR59KmP59CM3OWZxXFQ0i,2022-05-14T07:29:09Z,31zzumwgpsmapcx7ndllbq6guraa,26
1gs6EHUidD5KvCA5BBCLqt,3CB5Sjh1COpbybWyOYljzQ,2022-05-14T07:31:55Z,31zzumwgpsmapcx7ndllbq6guraa,27
1gs6EHUidD5KvCA5BBCLqt,25jQhp7TC3nIJ3Jm3QoFI6,2022-05-14T07:39:56Z,31zzumwgpsmapcx7ndllbq6guraa,28
1gs6EHUidD5KvCA5BBCLqt,6Lt7kRIl2Sw9gJtwaTTWZ2,2022-05-28T05:29:37Z,31zzumwgpsmapcx7ndllbq6guraa,29
1gs6EHUidD5KvCA5BBCLqt,3lXCtVLdlFXyIQstRi1gJ0,2022-05-28T05:31:35Z,31zzumwgpsmapcx7ndllbq6guraa,30
1gs6EHUidD5KvCA5BBCLqt,2Fy5GujYIJmQOf3K1X9jfT,2022-05-28T05:45:01Z,31zzumwgpsmapcx7ndllbq6guraa,31
1gs6EHUidD5KvCA5BBCLqt,1boXOL0ua7N2iCOUVI1p9F,2022-05-28T06:06:14Z,31zzumwgpsmapcx7ndllbq6guraa,32
1gs6EHUidD5KvCA5BBCLqt,3hIGsAIX70MqoTin1yGCg3,2022-06-01T18:12:14Z,31zzumwgpsmapcx7ndllbq6guraa,33
1gs6EHUidD5KvCA5BBCLqt,0hTCnNS4OR0ATtCWMMv62y,2022-06-03T04:02:44Z,31zzumwgpsmapcx7ndllbq6guraa,34
1gs6EHUidD5KvCA5BBCLqt,6wWtaPiK9btekE18qRTRDQ,2022-06-13T04:43:53Z,31zzumwgpsmapcx7ndllbq6guraa,35
1gs6EHUidD5KvCA5BBCLqt,19gCnDoMbugHhF7eMpLpe1,2022-06-27T00:19:08Z,31zzumwgpsmapcx7ndllbq6guraa,36
1gs6EHUidD5KvCA5BBCLqt,7uyZDmvtrj60HzN1OmV3ZC,2023-02-25T04:03:22Z,31zzumwgpsmapcx7ndllbq6guraa,37
1gs6EHUidD5KvCA5BBCLqt,3zp4IJHgH511UfUGCoLbPt,2023-02-25T22:58:10Z,31zzumwgpsmapcx7ndllbq6guraa,38
1gs6EHUidD5KvCA5BBCLqt,0HFWS5C6ThNeuOr10Xz21U,2023-07-17T20:38:30Z,31zzumwgpsmapcx7ndllbq6guraa,39
1gs6EHUidD5KvCA5BBCLqt,2aJAX1CdLTde85RwXWX9UU,2023-07-17T20:43:05Z,31zzumwgpsmapcx7ndllbq6guraa,40
1gs6EHUidD5KvCA5BBCLqt,0Mw9vFnsi69Ipor7g7uJcO,2025-05-01T18:13:53Z,31zzumwgpsmapcx7ndllbq6guraa,41
5Q3QT5VDxhroBOGuuvCvN9,0Hja9zlVQHC768PsPjWscW,2022-03-31T23:09:55Z,31zzumwgpsmapcx7ndllbq6guraa,0
5Q3QT5VDxhroBOGuuvCvN9,5NYQS0JkqRRfhlliy0P3Dv,2022-03-31T23:10:42Z,31zzumwgpsmapcx7ndllbq6guraa,1
5Q3QT5VDxhroBOGuuvCvN9,0LVLuqyQrXViI9OzDIVxbw,2022-03-31T23:14:00Z,31zzumwgpsmapcx7ndllbq6guraa,2
5Q3QT5VDxhroBOGuuvCvN9,2hXBS8q9rGMovfG1S8FB4F,2022-03-31T23:15:35Z,31zzumwgpsmapcx7ndllbq6guraa,3
5Q3QT5VDxhroBOGuuvCvN9,4j40j6Wh7GdmAj1rL2LU7W,2022-03-31T23:15:58Z,31zzumwgpsmapcx7ndllbq6guraa,4
5Q3QT5VDxhroBOGuuvCvN9,0t7RB5ABfPzDB5vCh1oVX7,2022-03-31T23:16:38Z,31zzumwgpsmapcx7ndllbq6guraa,5
5Q3QT5VDxhroBOGuuvCvN9,75ywgua36R7BjTBvAGheAx,2022-03-31T23:19:59Z,31zzumwgpsmapcx7ndllbq6guraa,6
5Q3QT5VDxhroBOGuuvCvN9,7iocNjLrxPHLl8njgRlv5U,2022-03-31T23:22:24Z,31zzumwgpsmapcx7ndllbq6guraa,7
5Q3QT5VDxhroBOGuuvCvN9,5HaBg5dAjWykVsYAYEYKt9,2022-03-31T23:30:11Z,31zzumwgpsmapcx7ndllbq6guraa,8
5Q3QT5VDxhroBOGuuvCvN9,0zmG4o24Q0K0cpVRgIBI4k,2022-03-31T23:30:33Z,31zzumwgpsmapcx7ndllbq6guraa,9
5Q3QT5VDxhroBOGuuvCvN9,7mwoTPJ25kHpaGj3AqJtar,2022-03-31T23:32:10Z,31zzumwgpsmapcx7ndllbq6guraa,10
5Q3QT5VDxhroBOGuuvCvN9,60NkquvHNwpOds74AgQ6n5,2022-03-31T23:34:44Z,31zzumwgpsmapcx7ndllbq6guraa,11
5Q3QT5VDxhroBOGuuvCvN9,0Y2P9hyyEB7SO4f8xnR1UG,2022-03-31T23:40:12Z,31zzumwgpsmapcx7ndllbq6guraa,12
5Q3QT5VDxhroBOGuuvCvN9,3xOnOYEd9c9ufPfcCdgfQ9,2022-03-31T23:40:54Z,31zzumwgpsmapcx7ndllbq6guraa,13
5Q3QT5VDxhroBOGuuvCvN9,5Uc0WlK2e5B5NYvS72fCHp,2022-03-31T23:48:25Z,31zzumwgpsmapcx7ndllbq6guraa,14
5Q3QT5VDxhroBOGuuvCvN9,3d8oIEIdoU2ZWVmiGvdGCE,2022-03-31T23:56:06Z,31zzumwgpsmapcx7ndllbq6guraa,15
5Q3QT5VDxhroBOGuuvCvN9,4V1Wqg42mxVLIu40TLeshK,2022-04-01T00:02:59Z,31zzumwgpsmapcx7ndllbq6guraa,16
5Q3QT5VDxhroBOGuuvCvN9,3iyINjITP40s8XrxAtn02W,2022-04-01T00:04:28Z,31zzumwgpsmapcx7ndllbq6guraa,17
5Q3QT5VDxhroBOGuuvCvN9,38emrZjJzNCCzoJgvN1EZa,2022-04-01T00:04:41Z,31zzumwgpsmapcx7ndllbq6guraa,18
5Q3QT5VDxhroBOGuuvCvN9,1T3tP6HvCgDF8ewpRqwM1e,2022-04-01T00:07:08Z,31zzumwgpsmapcx7ndllbq6guraa,19
5Q3QT5VDxhroBOGuuvCvN9,6tpWeI6ijAmAHZJSVQu8Kn,2022-04-01T00:12:07Z,31zzumwgpsmapcx7ndllbq6guraa,20
5Q3QT5VDxhroBOGuuvCvN9,5xouIycayHmjZxeuhXPhgX,2022-04-01T00:13:03Z,31zzumwgpsmapcx7ndllbq6guraa,21
5Q3QT5VDxhroBOGuuvCvN9,5FKdWT5A7vDTEnPiHrruFY,2022-04-01T00:26:13Z,31zzumwgpsmapcx7ndllbq6guraa,22
5Q3QT5VDxhroBOGuuvCvN9,74S870utHcrils7QiOw0Jh,2022-04-01T00:32:20Z,31zzumwgpsmapcx7ndllbq6guraa,23
5Q3QT5VDxhroBOGuuvCvN9,2KE7I9eXtUKxrvtenk6KPb,2022-04-11T04:22:20Z,31zzumwgpsmapcx7ndllbq6guraa,24
5Q3QT5VDxhroBOGuuvCvN9,1djCoU5rvnq2zXFyD2iqq4,2022-04-11T04:33:53Z,31zzumwgpsmapcx7ndllbq6guraa,25
5Q3QT5VDxhroBOGuuvCvN9,3LAnd3nxfVjYsNG14xuM7x,2022-04-11T06:44:35Z,31zzumwgpsmapcx7ndllbq6guraa,26
5Q3QT5VDxhroBOGuuvCvN9,3quI9fle27boUZXStQKtxy,2022-04-11T06:48:29Z,31zzumwgpsmapcx7ndllbq6guraa,27
5Q3QT5VDxhroBOGuuvCvN9,3TrGBdNhvXVjWCQgfrtWuc,2022-04-11T06:55:37Z,31zzumwgpsmapcx7ndllbq6guraa,28
5Q3QT5VDxhroBOGuuvCvN9,1FvMURFQ8Ca7A5sdRVuMir,2022-04-11T06:58:15Z,31zzumwgpsmapcx7ndllbq6guraa,29
5Q3QT5VDxhroBOGuuvCvN9,2g6FVCA4sQZOv9LXIABsgr,2022-04-19T22:20:20Z,31zzumwgpsmapcx7ndllbq6guraa,30
5Q3QT5VDxhroBOGuuvCvN9,6sqQU6gsVZd19w5vsix2QA,2022-04-21T15:55:22Z,31zzumwgpsmapcx7ndllbq6guraa,31
5Q3QT5VDxhroBOGuuvCvN9,5d8JxoBBgMmBuYD9yrUZdJ,2022-05-10T15:54:37Z,31zzumwgpsmapcx7ndllbq6guraa,32
5Q3QT5VDxhroBOGuuvCvN9,62eoocmGk59EMfuRcLBvUL,2022-05-10T15:56:04Z,31zzumwgpsmapcx7ndllbq6guraa,33
5Q3QT5VDxhroBOGuuvCvN9,6WJX8lUtURDN1r15t4cAUE,2022-05-14T07:35:27Z,31zzumwgpsmapcx7ndllbq6guraa,34
5Q3QT5VDxhroBOGuuvCvN9,2UmpLFu6fH8L7DaLjHLDGD,2022-05-19T05:39:11Z,31zzumwgpsmapcx7ndllbq6guraa,35
5Q3QT5VDxhroBOGuuvCvN9,7cs7eJjQvyOG4CqwB3JAJ4,2022-05-19T05:45:46Z,31zzumwgpsmapcx7ndllbq6guraa,36
5Q3QT5VDxhroBOGuuvCvN9,5KgJvbDPpchDpWvKiqbTOp,2022-05-19T05:54:12Z,31zzumwgpsmapcx7ndllbq6guraa,37
5Q3QT5VDxhroBOGuuvCvN9,7e1IpTKqOMw1cstbBic8qs,2022-05-19T05:58:33Z,31zzumwgpsmapcx7ndllbq6guraa,38
5Q3QT5VDxhroBOGuuvCvN9,3p2GMd0gg6n5WCWPb9muKs,2022-05-28T05:33:57Z,31zzumwgpsmapcx7ndllbq6guraa,39
5Q3QT5VDxhroBOGuuvCvN9,0aLx2oyqTSgqeLGEoTIFP9,2022-05-28T05:40:21Z,31zzumwgpsmapcx7ndllbq6guraa,40
5Q3QT5VDxhroBOGuuvCvN9,3okFhxlqZJxjviCEFX5ZjJ,2022-05-28T06:15:08Z,31zzumwgpsmapcx7ndllbq6guraa,41
5Q3QT5VDxhroBOGuuvCvN9,67STgZHPb0ShricGZvb1dg,2022-06-19T14:47:22Z,31zzumwgpsmapcx7ndllbq6guraa,42
5Q3QT5VDxhroBOGuuvCvN9,3jHBgKdLCf46aP3HRI0WYv,2022-07-04T07:52:39Z,31zzumwgpsmapcx7ndllbq6guraa,43
5Q3QT5VDxhroBOGuuvCvN9,2pGH2MRfqXyFJtVPVBZ7Gx,2022-07-07T02:35:49Z,31zzumwgpsmapcx7ndllbq6guraa,44
5Q3QT5VDxhroBOGuuvCvN9,2Jk6JQDlAQAKthfTbnsahh,2022-07-08T00:15:38Z,31zzumwgpsmapcx7ndllbq6guraa,45
5Q3QT5VDxhroBOGuuvCvN9,0UnOf7i44YK0ULpkEGHe4R,2022-08-01T03:15:05Z,31zzumwgpsmapcx7ndllbq6guraa,46
5Q3QT5VDxhroBOGuuvCvN9,6sI8Q7TTJeA9exw6hxEqq3,2022-09-03T21:15:35Z,31zzumwgpsmapcx7ndllbq6guraa,47
6hYD0yDykUq5lTElybleSr,0t3Jr6FABrKYLxGgdbco3f,2022-03-21T04:27:39Z,31zzumwgpsmapcx7ndllbq6guraa,0
6hYD0yDykUq5lTElybleSr,4OWJIjuq5xtDlbCvg2bH3u,2022-03-21T04:27:50Z,31zzumwgpsmapcx7ndllbq6guraa,1
6hYD0yDykUq5lTElybleSr,3WTWh2WDk4j8GUCGj4xfOd,2022-03-21T04:28:14Z,31zzumwgpsmapcx7ndllbq6guraa,2
6hYD0yDykUq5lTElybleSr,3zpGIFghtnVlwMXWyKW474,2022-03-21T04:29:22Z,31zzumwgpsmapcx7ndllbq6guraa,3
6hYD0yDykUq5lTElybleSr,3cGp1jXxLReLKz7QgVbWZR,2022-03-21T04:29:36Z,31zzumwgpsmapcx7ndllbq6guraa,4
6hYD0yDykUq5lTElybleSr,0pYacDCZuRhcrwGUA5nTBe,2022-03-21T04:29:55Z,31zzumwgpsmapcx7ndllbq6guraa,5
6hYD0yDykUq5lTElybleSr,4Dr2hJ3EnVh2Aaot6fRwDO,2022-03-21T04:30:04Z,31zzumwgpsmapcx7ndllbq6guraa,6
6hYD0yDykUq5lTElybleSr,2g0LdZQce9xlcHb1mBJyuz,2022-03-21T04:30:12Z,31zzumwgpsmapcx7ndllbq6guraa,7
6hYD0yDykUq5lTElybleSr,6cqH1q7g5GeRVQVMK1Vc7f,2022-03-21T04:30:33Z,31zzumwgpsmapcx7ndllbq6guraa,8
6hYD0yDykUq5lTElybleSr,1mWdTewIgB3gtBM3TOSFhB,2022-03-21T04:30:41Z,31zzumwgpsmapcx7ndllbq6guraa,9
6hYD0yDykUq5lTElybleSr,5xgvMrYYHTIEtx7w1LEAn0,2022-03-21T04:31:09Z,31zzumwgpsmapcx7ndllbq6guraa,10
6hYD0yDykUq5lTElybleSr,1iIhGHzzrzqQfuNkFI2qAn,2022-03-21T04:31:40Z,31zzumwgpsmapcx7ndllbq6guraa,11
6hYD0yDykUq5lTElybleSr,1jsY6pQeNaEConZWGau1L4,2022-03-21T04:31:56Z,31zzumwgpsmapcx7ndllbq6guraa,12
6hYD0yDykUq5lTElybleSr,5tEouf2s1SPwAIkOHnvWtQ,2022-03-21T04:32:17Z,31zzumwgpsmapcx7ndllbq6guraa,13
6hYD0yDykUq5lTElybleSr,3NfgdU9mbIVhcJF3XvC0c9,2022-03-21T04:33:15Z,31zzumwgpsmapcx7ndllbq6guraa,14
6hYD0yDykUq5lTElybleSr,7K31QxS2DmTBxdYldd8yqf,2022-03-21T04:33:40Z,31zzumwgpsmapcx7ndllbq6guraa,15
6hYD0yDykUq5lTElybleSr,753sRMieYWBC6HGodwtkjI,2022-03-21T04:34:25Z,31zzumwgpsmapcx7ndllbq6guraa,16
6hYD0yDykUq5lTElybleSr,01MoBCPgZHsOPYwMJxc9Qo,2022-03-21T04:34:44Z,31zzumwgpsmapcx7ndllbq6guraa,17
6hYD0yDykUq5lTElybleSr,0BTaaKT4RMbs5M73tOHX5Y,2022-03-21T04:35:04Z,31zzumwgpsmapcx7ndllbq6guraa,18
6hYD0yDykUq5lTElybleSr,2IW5OpeL19B1fTDGqsE3tw,2022-03-21T04:35:22Z,31zzumwgpsmapcx7ndllbq6guraa,19
6hYD0yDykUq5lTElybleSr,7rXcCpIAoOUCydkVDMcoPV,2022-03-21T04:36:23Z,31zzumwgpsmapcx7ndllbq6guraa,20
6hYD0yDykUq5lTElybleSr,1J6tDbBnb2RZsiRprp3jQq,2022-03-21T04:37:27Z,31zzumwgpsmapcx7ndllbq6guraa,21
6hYD0yDykUq5lTElybleSr,5nCwjUUsmBuNZKn9Xu10Os,2022-03-21T04:37:53Z,31zzumwgpsmapcx7ndllbq6guraa,22
6hYD0yDykUq5lTElybleSr,5xrtzzzikpG3BLbo4q1Yul,2022-03-21T04:38:04Z,31zzumwgpsmapcx7ndllbq6guraa,23
6hYD0yDykUq5lTElybleSr,75ywgua36R7BjTBvAGheAx,2022-03-21T04:38:32Z,31zzumwgpsmapcx7ndllbq6guraa,24
6hYD0yDykUq5lTElybleSr,4NPARrLIbtMl29ZJv8ESr2,2022-03-21T04:38:44Z,31zzumwgpsmapcx7ndllbq6guraa,25
6hYD0yDykUq5lTElybleSr,77G0k1La0c5Dw8bAFANcyp,2022-04-11T04:18:54Z,31zzumwgpsmapcx7ndllbq6guraa,26
6hYD0yDykUq5lTElybleSr,0KhDa1cNYVO7zueOU62oPu,2022-04-11T05:06:27Z,31zzumwgpsmapcx7ndllbq6guraa,27
6hYD0yDykUq5lTElybleSr,4DYIDSMIB5y2UmZFv9fxeX,2022-04-19T02:18:26Z,31zzumwgpsmapcx7ndllbq6guraa,28
6hYD0yDykUq5lTElybleSr,1117juaaAkSIUsQxTmmcKM,2022-05-14T07:20:52Z,31zzumwgpsmapcx7ndllbq6guraa,29
6hYD0yDykUq5lTElybleSr,3HWOknOVmd44e1jg4g0Sga,2022-05-14T07:26:22Z,31zzumwgpsmapcx7ndllbq6guraa,30
6hYD0yDykUq5lTElybleSr,4gBkCqlITvat2A3aYPtMqS,2022-07-04T08:02:29Z,31zzumwgpsmapcx7ndllbq6guraa,31
6hYD0yDykUq5lTElybleSr,5KNQ5MHkfr1Nc9TW8ht9tO,2022-07-04T08:07:09Z,31zzumwgpsmapcx7ndllbq6guraa,32
6hYD0yDykUq5lTElybleSr,5kyJ6sznnWACqHbw65p34Q,2022-07-04T08:20:16Z,31zzumwgpsmapcx7ndllbq6guraa,33
6hYD0yDykUq5lTElybleSr,0iY7b5CDViGfQLVUJBF9AA,2022-07-04T08:38:27Z,31zzumwgpsmapcx7ndllbq6guraa,34
6hYD0yDykUq5lTElybleSr,20dJUFrfY0TBZ7HHhJgjsg,2022-07-04T08:45:23Z,31zzumwgpsmapcx7ndllbq6guraa,35
6hYD0yDykUq5lTElybleSr,68HocO7fx9z0MgDU0ZPHro,2022-07-04T08:58:56Z,31zzumwgpsmapcx7ndllbq6guraa,36
6hYD0yDykUq5lTElybleSr,4JmbtS0Muijl37KP9lDscy,2022-07-08T02:43:54Z,31zzumwgpsmapcx7ndllbq6guraa,37
6hYD0yDykUq5lTElybleSr,7nKQ5WAcjnG48knyLuo8gO,2022-07-11T15:53:56Z,31zzumwgpsmapcx7ndllbq6guraa,38
6hYD0yDykUq5lTElybleSr,54HsCR7lJJdwxmEnTY1JfF,2022-07-11T16:01:37Z,31zzumwgpsmapcx7ndllbq6guraa,39
6hYD0yDykUq5lTElybleSr,5joNJn9LUvYcamWwa2iYCL,2022-07-11T16:05:35Z,31zzumwgpsmapcx7ndllbq6guraa,40
6hYD0yDykUq5lTElybleSr,1Q1tGyKNtNYrL6lblUESQK,2022-07-11T16:15:28Z,31zzumwgpsmapcx7ndllbq6guraa,41
6hYD0yDykUq5lTElybleSr,4iJyTp1KwCeBKhf7h0SwsD,2022-07-12T16:13:29Z,31zzumwgpsmapcx7ndllbq6guraa,42
6hYD0yDykUq5lTElybleSr,3XYRV7ZSHqIRDG87DKTtry,2022-07-15T14:42:13Z,31zzumwgpsmapcx7ndllbq6guraa,43
6hYD0yDykUq5lTElybleSr,28qRyR31TSH1oOwfUOBXNK,2022-07-15T16:34:09Z,31zzumwgpsmapcx7ndllbq6guraa,44
6hYD0yDykUq5lTElybleSr,4h9wh7iOZ0GGn8QVp4RAOB,2022-07-18T13:50:55Z,31zzumwgpsmapcx7ndllbq6guraa,45
6hYD0yDykUq5lTElybleSr,1CPZ5BxNNd0n0nF4Orb9JS,2025-07-15T05:04:18Z,31zzumwgpsmapcx7ndllbq6guraa,46
6hYD0yDykUq5lTElybleSr,02sy7FAs8dkDNYsHp4Ul3f,2025-07-15T05:04:32Z,31zzumwgpsmapcx7ndllbq6guraa,47
6hYD0yDykUq5lTElybleSr,2gIyLzwAB0kagC7WwQaGWy,2025-08-25T04:53:24Z,31zzumwgpsmapcx7ndllbq6guraa,48
5xJQxv7kzS9mctw898T9eW,3Kb84HFyDf5YRCt3GbbywY,2022-03-21T04:09:27Z,31zzumwgpsmapcx7ndllbq6guraa,0
5xJQxv7kzS9mctw898T9eW,5SxrdeIHki6FmlsKj2m8mY,2022-03-21T04:09:41Z,31zzumwgpsmapcx7ndllbq6guraa,1
5xJQxv7kzS9mctw898T9eW,57K6w1qVeTFZlrz1nDBXg1,2022-03-21T04:11:16Z,31zzumwgpsmapcx7ndllbq6guraa,2
5xJQxv7kzS9mctw898T9eW,5w6EvyvomUSWsF430iixmc,2022-03-21T04:11:37Z,31zzumwgpsmapcx7ndllbq6guraa,3
5xJQxv7kzS9mctw898T9eW,7hT9QzdqxxoWB0JtCGuCnD,2022-03-21T04:14:23Z,31zzumwgpsmapcx7ndllbq6guraa,4
5xJQxv7kzS9mctw898T9eW,2BHj31ufdEqVK5CkYDp9mA,2022-03-21T04:14:41Z,31zzumwgpsmapcx7ndllbq6guraa,5
5xJQxv7kzS9mctw898T9eW,1BnODvOuKbTnAZYkMVzJCL,2022-03-21T04:15:35Z,31zzumwgpsmapcx7ndllbq6guraa,6
5xJQxv7kzS9mctw898T9eW,0JUWF44gfMszGNhjCF7Ufs,2022-03-21T04:16:19Z,31zzumwgpsmapcx7ndllbq6guraa,7
5xJQxv7kzS9mctw898T9eW,2noKAyeEB6lrx2ozlkQXh8,2022-03-21T04:17:41Z,31zzumwgpsmapcx7ndllbq6guraa,8
5xJQxv7kzS9mctw898T9eW,0ILFNgoGHNelJYEIj1dBY4,2022-03-21T04:36:07Z,31zzumwgpsmapcx7ndllbq6guraa,9
5xJQxv7kzS9mctw898T9eW,58U3oHEYMhE2zc97Py9m1E,2022-03-21T04:36:41Z,31zzumwgpsmapcx7ndllbq6guraa,10
5xJQxv7kzS9mctw898T9eW,5B6ewNeXBcIDHqzsgAn6Dk,2022-03-21T04:36:55Z,31zzumwgpsmapcx7ndllbq6guraa,11
5xJQxv7kzS9mctw898T9eW,79zakrunWiO9JLOJNfcDuJ,2022-03-21T04:37:12Z,31zzumwgpsmapcx7ndllbq6guraa,12
5xJQxv7kzS9mctw898T9eW,38LUbz74v3nmP8x0efElw2,2022-03-21T04:41:40Z,31zzumwgpsmapcx7ndllbq6guraa,13
5xJQxv7kzS9mctw898T9eW,4pryE6cN2gFL1FVF5fYINl,2022-03-21T04:43:17Z,31zzumwgpsmapcx7ndllbq6guraa,14
5xJQxv7kzS9mctw898T9eW,1qUo7d5lAOclNVbTUY0A2R,2022-03-21T04:44:16Z,31zzumwgpsmapcx7ndllbq6guraa,15
5xJQxv7kzS9mctw898T9eW,6FkYXuozDHGdeMzvjpRjpG,2022-03-31T23:43:26Z,31zzumwgpsmapcx7ndllbq6guraa,16
5xJQxv7kzS9mctw898T9eW,78j9wYboWAkB0UxVVq0X0H,2022-04-11T04:16:04Z,31zzumwgpsmapcx7ndllbq6guraa,17
5xJQxv7kzS9mctw898T9eW,5f7UJCMrA1VRLvbPrq1h0G,2022-04-16T15:57:43Z,31zzumwgpsmapcx7ndllbq6guraa,18
5xJQxv7kzS9mctw898T9eW,0zoGVO4bQXG8U6ChKwNgeg,2022-06-01T20:43:44Z,31zzumwgpsmapcx7ndllbq6guraa,19
5xJQxv7kzS9mctw898T9eW,4Md6X5rgAniud2KUWoYHrq,2022-06-13T09:34:49Z,31zzumwgpsmapcx7ndllbq6guraa,20
5xJQxv7kzS9mctw898T9eW,0d7jvGMoo1qphEQaG8t1NA,2022-06-13T09:40:22Z,31zzumwgpsmapcx7ndllbq6guraa,21
5xJQxv7kzS9mctw898T9eW,7A4eu80BnbdWEAEBO7pTyC,2022-06-20T15:59:10Z,31zzumwgpsmapcx7ndllbq6guraa,22
5xJQxv7kzS9mctw898T9eW,1gXBi2I04CLJkTQnhNfEJT,2022-06-22T07:40:01Z,31zzumwgpsmapcx7ndllbq6guraa,23
5xJQxv7kzS9mctw898T9eW,3Fzlg5r1IjhLk2qRw667od,2022-07-13T04:26:37Z,31zzumwgpsmapcx7ndllbq6guraa,24
5xJQxv7kzS9mctw898T9eW,4LRPiXqCikLlN15c3yImP7,2022-07-30T17:46:37Z,31zzumwgpsmapcx7ndllbq6guraa,25
5xJQxv7kzS9mctw898T9eW,6TPOq3tmGF2lD5eyIAUWor,2022-09-01T23:10:28Z,31zzumwgpsmapcx7ndllbq6guraa,26
5xJQxv7kzS9mctw898T9eW,4M9Op6UQ36mhtjMBuevRYN,2022-09-03T21:10:41Z,31zzumwgpsmapcx7ndllbq6guraa,27
5xJQxv7kzS9mctw898T9eW,76Jpo5U45kAhTl79JHtHUh,2023-01-07T01:50:31Z,31zzumwgpsmapcx7ndllbq6guraa,28
5xJQxv7kzS9mctw898T9eW,7fgmo2cHGzWLexkRhBeECj,2023-06-06T00:04:49Z,31zzumwgpsmapcx7ndllbq6guraa,29
5xJQxv7kzS9mctw898T9eW,7KYzARBusZhyZ6jygZDmVr,2023-11-28T17:03:24Z,31zzumwgpsmapcx7ndllbq6guraa,30
5xJQxv7kzS9mctw898T9eW,1kRBdvP2yok6k2mL0xxLWq,2024-06-10T09:36:30Z,31zzumwgpsmapcx7ndllbq6guraa,31
5xJQxv7kzS9mctw898T9eW,1gU4xVIzOdXrRJsvbfDWPm,2024-06-13T12:53:34Z,31zzumwgpsmapcx7ndllbq6guraa,32
5xJQxv7kzS9mctw898T9eW,0amHaWvbCh9heYbmFfIcWh,2025-01-01T02:49:11Z,31zzumwgpsmapcx7ndllbq6guraa,33
5xJQxv7kzS9mctw898T9eW,37NPLfEZQQ0rZTa9SRqWBL,2025-04-06T21:25:02Z,31zzumwgpsmapcx7ndllbq6guraa,34
5xJQxv7kzS9mctw898T9eW,7rwK52xzfFuyCv8VD1p9tL,2025-04-07T16:23:30Z,31zzumwgpsmapcx7ndllbq6guraa,35
5xJQxv7kzS9mctw898T9eW,4O02HMxIxGLptYi4ngd0es,2025-04-09T21:45:45Z,31zzumwgpsmapcx7ndllbq6guraa,36
5xJQxv7kzS9mctw898T9eW,1z7Md1JSNAttEKiLQjsQMe,2025-04-09T23:30:54Z,31zzumwgpsmapcx7ndllbq6guraa,37
5xJQxv7kzS9mctw898T9eW,3tw8SqjA9KRnseY71gsonf,2025-04-10T13:11:03Z,31zzumwgpsmapcx7ndllbq6guraa,38
5xJQxv7kzS9mctw898T9eW,12OhRXRZPgMSSBLNO5ibSC,2025-04-10T19:26:02Z,31zzumwgpsmapcx7ndllbq6guraa,39
5xJQxv7kzS9mctw898T9eW,302ODkHI9JcO8e5dCuinrp,2025-04-20T19:47:26Z,31zzumwgpsmapcx7ndllbq6guraa,40
5xJQxv7kzS9mctw898T9eW,0eREjEVWnekxtrbtCtVI9T,2025-06-07T01:11:48Z,31zzumwgpsmapcx7ndllbq6guraa,41
5xJQxv7kzS9mctw898T9eW,1EEs9vSRyfkQTqvmb8VNFI,2025-06-26T20:06:22Z,31zzumwgpsmapcx7ndllbq6guraa,42
2oDSweEyDS8XMFLeJ2wP4p,7qUHXELKveJr4s5ecg4yWg,2022-03-17T22:37:46Z,31zzumwgpsmapcx7ndllbq6guraa,0
2oDSweEyDS8XMFLeJ2wP4p,35gOocYNoSlvtWEU67UuHI,2022-03-17T22:39:00Z,31zzumwgpsmapcx7ndllbq6guraa,1
2oDSweEyDS8XMFLeJ2wP4p,1a8NXpwR2o6LZEG4uAJ6ck,2022-03-17T22:39:09Z,31zzumwgpsmapcx7ndllbq6guraa,2
2oDSweEyDS8XMFLeJ2wP4p,52Bvu2IqOZuq77KRkDcLzS,2022-03-17T22:39:55Z,31zzumwgpsmapcx7ndllbq6guraa,3
2oDSweEyDS8XMFLeJ2wP4p,0vGS7srr6FGqgFElP3g1yQ,2022-03-17T22:41:59Z,31zzumwgpsmapcx7ndllbq6guraa,4
2oDSweEyDS8XMFLeJ2wP4p,1fGw0faPRB6ipmBqMESkZo,2022-03-17T22:42:19Z,31zzumwgpsmapcx7ndllbq6guraa,5
2oDSweEyDS8XMFLeJ2wP4p,4DEOJOUfwi3jErNGJcW6Vu,2022-03-17T22:44:38Z,31zzumwgpsmapcx7ndllbq6guraa,6
2oDSweEyDS8XMFLeJ2wP4p,4SBHuF59wYA32i3O1Yfv1L,2022-03-17T22:44:56Z,31zzumwgpsmapcx7ndllbq6guraa,7
2oDSweEyDS8XMFLeJ2wP4p,5zgUHmgg1CMNqBqVpm4AW1,2022-03-17T22:45:08Z,31zzumwgpsmapcx7ndllbq6guraa,8
2oDSweEyDS8XMFLeJ2wP4p,4Y5fyQ5fBysC32Na5sZT3J,2022-03-17T22:48:06Z,31zzumwgpsmapcx7ndllbq6guraa,9
2oDSweEyDS8XMFLeJ2wP4p,5CY039j1Mt4fGfBzfJqBNP,2022-03-17T22:49:05Z,31zzumwgpsmapcx7ndllbq6guraa,10
2oDSweEyDS8XMFLeJ2wP4p,4qGfJb2KByjvzrwo8HNibg,2022-03-17T22:54:18Z,31zzumwgpsmapcx7ndllbq6guraa,11
2oDSweEyDS8XMFLeJ2wP4p,0FNGMmEaIArehaFfToXLuP,2022-03-17T22:55:00Z,31zzumwgpsmapcx7ndllbq6guraa,12
2oDSweEyDS8XMFLeJ2wP4p,3Ox94M9C1W95EP4tecMO1P,2022-03-17T22:55:33Z,31zzumwgpsmapcx7ndllbq6guraa,13
2oDSweEyDS8XMFLeJ2wP4p,44XYuUdfgfUHqsJ4TkigFY,2022-03-17T22:56:45Z,31zzumwgpsmapcx7ndllbq6guraa,14
2oDSweEyDS8XMFLeJ2wP4p,5PrevGdtYeCjbSgAxq9J5a,2022-03-17T22:58:30Z,31zzumwgpsmapcx7ndllbq6guraa,15
2oDSweEyDS8XMFLeJ2wP4p,2grjqo0Frpf2okIBiifQKs,2022-03-17T22:59:05Z,31zzumwgpsmapcx7ndllbq6guraa,16
2oDSweEyDS8XMFLeJ2wP4p,3E6iea9uEmB7gRru4lyP6h,2022-03-17T23:00:30Z,31zzumwgpsmapcx7ndllbq6guraa,17
2oDSweEyDS8XMFLeJ2wP4p,2xZlgYdmv5ybdl8QomB1ZJ,2022-03-17T23:02:04Z,31zzumwgpsmapcx7ndllbq6guraa,18
2oDSweEyDS8XMFLeJ2wP4p,2lU8zMzPhEEDuiUUcUIZAL,2022-03-17T23:02:08Z,31zzumwgpsmapcx7ndllbq6guraa,19
2oDSweEyDS8XMFLeJ2wP4p,49H4LDNFE5BU7ZMIg8UsZy,2022-03-18T02:58:36Z,31zzumwgpsmapcx7ndllbq6guraa,20
2oDSweEyDS8XMFLeJ2wP4p,1sKpay0q1lsH8RgafNzdI1,2022-03-20T22:15:34Z,31zzumwgpsmapcx7ndllbq6guraa,21
2oDSweEyDS8XMFLeJ2wP4p,15ffrEHBHIbXWJcsGx402o,2022-03-20T22:16:00Z,31zzumwgpsmapcx7ndllbq6guraa,22
2oDSweEyDS8XMFLeJ2wP4p,50q2aUjWoTn6CJIfSPRJQA,2022-03-21T04:39:35Z,31zzumwgpsmapcx7ndllbq6guraa,23
2oDSweEyDS8XMFLeJ2wP4p,5KudhroUBgl4DpG0X5qyiO,2022-03-21T04:42:32Z,31zzumwgpsmapcx7ndllbq6guraa,24
2oDSweEyDS8XMFLeJ2wP4p,6j4Lx4ZKWhbuBom556ZqlP,2022-03-21T04:49:58Z,31zzumwgpsmapcx7ndllbq6guraa,25
2oDSweEyDS8XMFLeJ2wP4p,4XQnhcwRPRmGG4E6PakLMb,2022-03-27T21:13:12Z,31zzumwgpsmapcx7ndllbq6guraa,26
2oDSweEyDS8XMFLeJ2wP4p,1YjDfnmurrPj02xkWeDhEt,2022-04-11T06:33:55Z,31zzumwgpsmapcx7ndllbq6guraa,27
2oDSweEyDS8XMFLeJ2wP4p,1USo158Kncaxfyq9q306dn,2022-04-11T07:02:03Z,31zzumwgpsmapcx7ndllbq6guraa,28
2oDSweEyDS8XMFLeJ2wP4p,2uuykQmIKK4g0vjowVChO3,2022-04-11T07:04:28Z,31zzumwgpsmapcx7ndllbq6guraa,29
2oDSweEyDS8XMFLeJ2wP4p,0jRGaI9MweR4wgpNfzILEZ,2022-05-14T07:42:20Z,31zzumwgpsmapcx7ndllbq6guraa,30
2oDSweEyDS8XMFLeJ2wP4p,6eIrBp4VDvUHYcvBtlio2C,2022-05-19T05:43:03Z,31zzumwgpsmapcx7ndllbq6guraa,31
2oDSweEyDS8XMFLeJ2wP4p,5unXHHcSQLGO19RuVqZB6d,2022-05-19T06:03:59Z,31zzumwgpsmapcx7ndllbq6guraa,32
2oDSweEyDS8XMFLeJ2wP4p,7DBBwrUqAXbMOIFLd3wXSo,2022-05-28T05:35:40Z,31zzumwgpsmapcx7ndllbq6guraa,33
2oDSweEyDS8XMFLeJ2wP4p,3ktv2iqF2G7r2RNUyJK7jj,2022-06-13T05:03:36Z,31zzumwgpsmapcx7ndllbq6guraa,34
2oDSweEyDS8XMFLeJ2wP4p,7diZoN4PPNTaNNfTYLap5j,2022-07-04T08:40:32Z,31zzumwgpsmapcx7ndllbq6guraa,35
2oDSweEyDS8XMFLeJ2wP4p,6TCIlUdiBwBZKSKpYr1gwF,2022-07-04T08:42:37Z,31zzumwgpsmapcx7ndllbq6guraa,36
2oDSweEyDS8XMFLeJ2wP4p,5yAmfGPEytYPTVNdEcmjbH,2022-07-20T19:37:53Z,31zzumwgpsmapcx7ndllbq6guraa,37
2oDSweEyDS8XMFLeJ2wP4p,65g3VCPXMmHPBWucrNR8oO,2022-10-20T15:51:31Z,31zzumwgpsmapcx7ndllbq6guraa,38
2oDSweEyDS8XMFLeJ2wP4p,0aWBoXoAHjCRPPuKVGLgnf,2023-04-15T16:32:14Z,31zzumwgpsmapcx7ndllbq6guraa,39
2oDSweEyDS8XMFLeJ2wP4p,1Ukxccao1BlWrPhYkcXbwZ,2023-07-22T16:44:25Z,31zzumwgpsmapcx7ndllbq6guraa,40
2oDSweEyDS8XMFLeJ2wP4p,62eoocmGk59EMfuRcLBvUL,2025-03-09T20:15:16Z,31zzumwgpsmapcx7ndllbq6guraa,41
